{"stats":{"minecraft:dropped":{"friendsandfoes:totem_of_freezing":1,"mowziesmobs:grant_suns_blessing":1,"twilightforest:yeti_helmet":1,"botania:mana_tablet":1,"friendsandfoes:totem_of_illusion":1,"supplementaries:cage":1,"minecraft:diamond_sword":2,"botania:mana_gun":5,"twilightforest:yeti_chestplate":1,"mowziesmobs:earthbore_gauntlet":1,"twilightforest:yeti_boots":1,"botania:cosmetic_tiny_potato_mask":1},"minecraft:used":{"botania:yellow_mushroom":2,"minecraft:water_bucket":1,"supplementaries:hourglass":3,"supplementaries:present_black":2,"minecraft:flint_and_steel":4,"securitycraft:reinforced_spruce_planks":34,"minecraft:spruce_slab":3,"botania:creative_pool":1,"supplementaries:hat_stand":1,"botania:teru_teru_bozu":1,"securitycraft:reinforced_glass_pane":10,"supplementaries:globe":2,"minecraft:sand":2,"supplementaries:pulley_block":1,"securitycraft:reinforced_ladder":25,"botania:purple_mystical_flower":3,"minecraft:stripped_cherry_wood":49,"minecraft:painting":18,"securitycraft:reinforced_stripped_spruce_log":103,"minecraft:spruce_log":254,"minecraft:stripped_spruce_log":1,"botania:light_blue_mushroom":7,"supplementaries:jar":2,"stalwart_dungeons:nether_keeper_spawn_egg":2,"cfm:door_mat":1,"supplementaries:cage":4,"friendsandfoes:totem_of_illusion":4,"minecraft:grass_block":36,"stalwart_dungeons:nether_hammer":1,"minecraft:netherite_axe":111,"botania:magenta_shiny_flower":6,"ftbquests:loot_crate_opener":1,"supplementaries:speaker_block":1,"twilightforest:twilight_portal_miniature_structure":1,"cfm:stripped_spruce_park_bench":16,"friendsandfoes:totem_of_freezing":1,"mowziesmobs:earthbore_gauntlet":4,"friendsandfoes:copper_golem_spawn_egg":3,"minecraft:diamond_sword":10,"stalwart_dungeons:obsidian_striker":10,"mowziesmobs:umvuthana_mask_fury":1,"securitycraft:reinforced_stripped_cherry_wood":18,"supplementaries:statue":7,"minecraft:cherry_log":53,"botania:lime_mystical_flower":5,"minecraft:splash_potion":1},"minecraft:killed":{"friendsandfoes:copper_golem":1,"stalwart_dungeons:nether_keeper":2,"mowziesmobs:lantern":1,"friendsandfoes:glare":1,"friendsandfoes:crab":1,"alexsmobs:fly":1,"alexsmobs:platypus":2},"minecraft:mined":{"minecraft:fire":5,"minecraft:spruce_log":1},"minecraft:killed_by":{"minecraft:player":5},"minecraft:picked_up":{"botania:mana_gun":3,"twilightforest:yeti_boots":1,"minecraft:diamond_sword":2,"mowziesmobs:glowing_jelly":2,"minecraft:nether_brick":4,"mowziesmobs:wrought_axe":1,"twilightforest:yeti_helmet":1,"securitycraft:sentry":2,"supplementaries:cage":1,"friendsandfoes:totem_of_freezing":1,"patchouli:guide_book":1,"minecraft:copper_ingot":1,"stalwart_dungeons:ancient_fire":2,"twilightforest:yeti_chestplate":1,"alexsmobs:animal_dictionary":1,"friendsandfoes:crab_claw":1,"mowziesmobs:earthbore_gauntlet":1,"supplementaries:ash":1,"botania:magenta_shiny_flower":1,"mowziesmobs:grant_suns_blessing":1},"minecraft:custom":{"lootr:looted_stat":1,"minecraft:mob_kills":9,"minecraft:leave_game":5,"minecraft:time_since_death":48808,"minecraft:climb_one_cm":10429,"minecraft:time_since_rest":48831,"minecraft:sprint_one_cm":36654,"minecraft:walk_one_cm":161064,"minecraft:damage_taken":3063,"minecraft:damage_absorbed":405,"minecraft:drop":17,"minecraft:damage_dealt":3786,"minecraft:fly_one_cm":336927,"minecraft:player_kills":2,"minecraft:crouch_one_cm":9604,"minecraft:play_time":136898,"minecraft:deaths":9,"minecraft:sneak_time":4529,"minecraft:jump":375,"minecraft:walk_on_water_one_cm":2899,"minecraft:total_world_time":136898,"minecraft:fall_one_cm":18052}},"DataVersion":3465}