{"stats":{"minecraft:killed_by":{"minecraft:player":5,"minecraft:spider":1,"minecraft:zombie":2},"minecraft:picked_up":{"botania:mana_gun":3,"twilightforest:yeti_boots":1,"minecraft:lead":2,"minecraft:smithing_table":1,"minecraft:diamond_sword":2,"minecraft:oak_stairs":1,"mowziesmobs:glowing_jelly":4,"minecraft:nether_brick":4,"minecraft:moss_carpet":2,"twilightforest:yeti_helmet":1,"minecraft:spruce_planks":2,"supplementaries:cage":1,"minecraft:raw_iron":1,"minecraft:copper_ingot":1,"minecraft:oak_fence":1,"stalwart_dungeons:ancient_fire":2,"minecraft:bowl":1,"minecraft:spruce_fence":1,"minecraft:arrow":2,"friendsandfoes:crab_claw":1,"minecraft:rotten_flesh":2,"minecraft:decorated_pot":1,"mowziesmobs:earthbore_gauntlet":1,"sons_of_sins:heart":1,"mowziesmobs:umvuthana_mask_bliss":1,"supplementaries:ash":9,"botania:magenta_shiny_flower":1,"alexsmobs:flying_fish":1,"minecraft:cobblestone":6,"mowziesmobs:grant_suns_blessing":3,"minecraft:feather":1,"minecraft:leather":2,"minecraft:oak_log":1,"minecraft:gunpowder":3,"mowziesmobs:wrought_axe":1,"minecraft:dirt":2,"securitycraft:sentry":2,"minecraft:bone":7,"twilightforest:lamp_of_cinders":1,"minecraft:wheat_seeds":6,"minecraft:oak_planks":1,"friendsandfoes:totem_of_freezing":1,"cosasodsputouve:orbit_coins":2,"patchouli:guide_book":2,"minecraft:sand":12,"twilightforest:yeti_chestplate":1,"alexsmobs:animal_dictionary":2,"mowziesmobs:naga_fang":1,"minecraft:sunflower":1},"minecraft:crafted":{"minecraft:oak_planks":100,"minecraft:crafting_table":1,"minecraft:oak_wood":3,"minecraft:stick":4,"minecraft:iron_pickaxe":1},"minecraft:mined":{"minecraft:grass_block":1,"minecraft:fire":5,"minecraft:suspicious_sand":2,"minecraft:deepslate_iron_ore":1,"minecraft:stone":8,"minecraft:smithing_table":1,"minecraft:crafting_table":1,"minecraft:tall_grass":14,"minecraft:cobblestone":1,"supplementaries:urn":1,"minecraft:spruce_log":1,"minecraft:grass":22,"minecraft:oak_log":1,"minecraft:sand":8,"minecraft:netherrack":1,"minecraft:oak_leaves":1,"minecraft:fern":2},"minecraft:used":{"minecraft:stone_sword":26,"supplementaries:hourglass":3,"minecraft:flint_and_steel":6,"minecraft:spruce_slab":3,"botania:creative_pool":1,"twilightforest:dark_leaves":1,"lootr:trophy":1,"botania:teru_teru_bozu":1,"supplementaries:globe":2,"botania:purple_mystical_flower":3,"minecraft:stripped_spruce_log":1,"minecraft:obsidian":1,"supplementaries:jar":2,"cfm:door_mat":1,"cfm:black_sofa":1,"friendsandfoes:totem_of_illusion":4,"minecraft:grass_block":46,"minecraft:iron_axe":2,"botania:magenta_shiny_flower":6,"ftbquests:loot_crate_opener":1,"twilightforest:twilight_portal_miniature_structure":1,"supplementaries:speaker_block":1,"friendsandfoes:totem_of_freezing":1,"minecraft:golden_sword":38,"mowziesmobs:earthbore_gauntlet":4,"friendsandfoes:copper_golem_spawn_egg":3,"minecraft:golden_carrot":4,"stalwart_dungeons:obsidian_striker":10,"securitycraft:reinforced_stripped_cherry_wood":18,"supplementaries:statue":7,"minecraft:cherry_log":53,"botania:lime_mystical_flower":5,"botania:yellow_mushroom":2,"minecraft:water_bucket":1,"supplementaries:present_black":2,"securitycraft:reinforced_spruce_planks":34,"minecraft:stone_pickaxe":4,"minecraft:oak_planks":1,"supplementaries:slingshot":4,"supplementaries:hat_stand":1,"securitycraft:reinforced_glass_pane":10,"minecraft:sand":2,"supplementaries:pulley_block":1,"minecraft:crafting_table":1,"securitycraft:reinforced_ladder":25,"minecraft:stripped_cherry_wood":49,"minecraft:painting":18,"securitycraft:reinforced_stripped_spruce_log":103,"minecraft:spruce_log":254,"botania:light_blue_mushroom":7,"twilightforest:ironwood_pickaxe":1,"alexsmobs:flying_fish":1,"stalwart_dungeons:nether_keeper_spawn_egg":2,"minecraft:diamond_pickaxe":1,"supplementaries:cage":4,"stalwart_dungeons:nether_hammer":1,"minecraft:iron_pickaxe":2,"minecraft:netherite_axe":111,"cfm:stripped_spruce_park_bench":16,"minecraft:diamond_sword":18,"mowziesmobs:umvuthana_mask_fury":1,"minecraft:splash_potion":1,"minecraft:golden_pickaxe":16},"minecraft:killed":{"minecraft:spider":2,"mowziesmobs:frostmaw":1,"minecraft:skeleton":1,"friendsandfoes:glare":1,"alexsmobs:flying_fish":1,"friendsandfoes:copper_golem":1,"minecraft:wandering_trader":1,"mowziesmobs:umvuthana_follower_raptor":2,"stalwart_dungeons:nether_keeper":2,"mowziesmobs:lantern":2,"minecraft:trader_llama":2,"friendsandfoes:crab":1,"alexsmobs:fly":1,"alexsmobs:platypus":2,"mowziesmobs:naga":2},"minecraft:dropped":{"minecraft:wheat_seeds":1,"mowziesmobs:grant_suns_blessing":3,"minecraft:oak_fence":1,"twilightforest:yeti_helmet":1,"friendsandfoes:totem_of_illusion":1,"sons_of_sins:heart":1,"twilightforest:yeti_chestplate":1,"twilightforest:lamp_of_cinders":1,"friendsandfoes:totem_of_freezing":1,"cosasodsputouve:orbit_coins":2,"minecraft:bowl":1,"botania:mana_tablet":1,"supplementaries:cage":1,"minecraft:diamond_sword":2,"supplementaries:ash":1,"botania:mana_gun":5,"mowziesmobs:earthbore_gauntlet":1,"twilightforest:yeti_boots":1,"botania:cosmetic_tiny_potato_mask":1},"minecraft:custom":{"lootr:looted_stat":9,"minecraft:mob_kills":22,"minecraft:interact_with_crafting_table":3,"minecraft:leave_game":12,"minecraft:time_since_death":8947,"minecraft:climb_one_cm":14446,"minecraft:sprint_one_cm":80008,"minecraft:walk_one_cm":271410,"minecraft:drop":27,"minecraft:deaths":15,"minecraft:play_time":253042,"minecraft:sneak_time":7695,"minecraft:walk_under_water_one_cm":3416,"minecraft:boat_one_cm":1725,"minecraft:jump":998,"minecraft:walk_on_water_one_cm":5138,"minecraft:total_world_time":253042,"minecraft:time_since_rest":9123,"minecraft:damage_taken":4893,"minecraft:damage_absorbed":405,"minecraft:damage_dealt":7758,"minecraft:player_kills":4,"minecraft:fly_one_cm":679364,"minecraft:crouch_one_cm":17566,"minecraft:fall_one_cm":50497}},"DataVersion":3465}