{"stats":{"minecraft:killed_by":{"minecraft:player":5,"minecraft:zombie":1},"minecraft:picked_up":{"botania:mana_gun":3,"twilightforest:yeti_boots":1,"minecraft:leather":2,"minecraft:lead":2,"minecraft:diamond_sword":2,"mowziesmobs:glowing_jelly":4,"minecraft:nether_brick":4,"mowziesmobs:wrought_axe":1,"minecraft:moss_carpet":1,"twilightforest:yeti_helmet":1,"securitycraft:sentry":2,"minecraft:bone":2,"twilightforest:lamp_of_cinders":1,"minecraft:wheat_seeds":1,"supplementaries:cage":1,"friendsandfoes:totem_of_freezing":1,"cosasodsputouve:orbit_coins":2,"patchouli:guide_book":2,"minecraft:copper_ingot":1,"stalwart_dungeons:ancient_fire":2,"twilightforest:yeti_chestplate":1,"alexsmobs:animal_dictionary":2,"mowziesmobs:naga_fang":1,"minecraft:rotten_flesh":2,"friendsandfoes:crab_claw":1,"mowziesmobs:earthbore_gauntlet":1,"sons_of_sins:heart":1,"supplementaries:ash":2,"botania:magenta_shiny_flower":1,"mowziesmobs:grant_suns_blessing":3},"minecraft:mined":{"minecraft:tall_grass":10,"minecraft:fire":5,"minecraft:spruce_log":1,"minecraft:grass":4,"minecraft:oak_leaves":1,"minecraft:fern":2},"minecraft:used":{"botania:yellow_mushroom":2,"minecraft:water_bucket":1,"minecraft:stone_sword":26,"supplementaries:hourglass":3,"supplementaries:present_black":2,"minecraft:flint_and_steel":4,"minecraft:spruce_slab":3,"securitycraft:reinforced_spruce_planks":34,"botania:creative_pool":1,"minecraft:stone_pickaxe":4,"twilightforest:dark_leaves":1,"lootr:trophy":1,"supplementaries:hat_stand":1,"botania:teru_teru_bozu":1,"securitycraft:reinforced_glass_pane":10,"supplementaries:globe":2,"supplementaries:pulley_block":1,"minecraft:sand":2,"securitycraft:reinforced_ladder":25,"botania:purple_mystical_flower":3,"minecraft:painting":18,"minecraft:stripped_cherry_wood":49,"securitycraft:reinforced_stripped_spruce_log":103,"minecraft:spruce_log":254,"minecraft:stripped_spruce_log":1,"botania:light_blue_mushroom":7,"twilightforest:ironwood_pickaxe":1,"supplementaries:jar":2,"stalwart_dungeons:nether_keeper_spawn_egg":2,"cfm:black_sofa":1,"cfm:door_mat":1,"supplementaries:cage":4,"friendsandfoes:totem_of_illusion":4,"minecraft:grass_block":46,"stalwart_dungeons:nether_hammer":1,"minecraft:netherite_axe":111,"botania:magenta_shiny_flower":6,"ftbquests:loot_crate_opener":1,"twilightforest:twilight_portal_miniature_structure":1,"supplementaries:speaker_block":1,"cfm:stripped_spruce_park_bench":16,"friendsandfoes:totem_of_freezing":1,"mowziesmobs:earthbore_gauntlet":4,"friendsandfoes:copper_golem_spawn_egg":3,"minecraft:diamond_sword":18,"mowziesmobs:umvuthana_mask_fury":1,"stalwart_dungeons:obsidian_striker":10,"securitycraft:reinforced_stripped_cherry_wood":18,"supplementaries:statue":7,"minecraft:cherry_log":53,"botania:lime_mystical_flower":5,"minecraft:splash_potion":1},"minecraft:killed":{"friendsandfoes:copper_golem":1,"minecraft:wandering_trader":1,"mowziesmobs:frostmaw":1,"stalwart_dungeons:nether_keeper":2,"mowziesmobs:lantern":2,"minecraft:skeleton":1,"minecraft:trader_llama":2,"friendsandfoes:glare":1,"friendsandfoes:crab":1,"alexsmobs:fly":1,"alexsmobs:platypus":2,"mowziesmobs:naga":2},"minecraft:dropped":{"friendsandfoes:totem_of_freezing":1,"minecraft:wheat_seeds":1,"cosasodsputouve:orbit_coins":2,"mowziesmobs:grant_suns_blessing":3,"twilightforest:yeti_helmet":1,"botania:mana_tablet":1,"friendsandfoes:totem_of_illusion":1,"supplementaries:cage":1,"minecraft:diamond_sword":2,"supplementaries:ash":1,"botania:mana_gun":5,"sons_of_sins:heart":1,"twilightforest:yeti_chestplate":1,"twilightforest:lamp_of_cinders":1,"mowziesmobs:earthbore_gauntlet":1,"twilightforest:yeti_boots":1,"botania:cosmetic_tiny_potato_mask":1},"minecraft:custom":{"lootr:looted_stat":1,"minecraft:mob_kills":17,"minecraft:leave_game":9,"minecraft:time_since_death":1027,"minecraft:climb_one_cm":14446,"minecraft:time_since_rest":1049,"minecraft:sprint_one_cm":53260,"minecraft:walk_one_cm":217758,"minecraft:damage_taken":3583,"minecraft:damage_absorbed":405,"minecraft:drop":25,"minecraft:damage_dealt":7224,"minecraft:fly_one_cm":612471,"minecraft:player_kills":4,"minecraft:crouch_one_cm":15946,"minecraft:play_time":210570,"minecraft:deaths":12,"minecraft:sneak_time":7110,"minecraft:walk_under_water_one_cm":669,"minecraft:jump":659,"minecraft:walk_on_water_one_cm":3502,"minecraft:total_world_time":210570,"minecraft:fall_one_cm":24041}},"DataVersion":3465}