{"stats":{"minecraft:custom":{"minecraft:time_since_rest":27002,"minecraft:play_time":29449,"minecraft:crouch_one_cm":2406,"lootr:looted_stat":1,"minecraft:sprint_one_cm":3013,"minecraft:damage_taken":10,"minecraft:walk_one_cm":40104,"minecraft:deaths":2,"minecraft:sneak_time":955,"minecraft:jump":43,"minecraft:damage_dealt":10,"minecraft:time_since_death":26979,"minecraft:climb_one_cm":37,"minecraft:total_world_time":29449,"minecraft:fall_one_cm":1024,"minecraft:fly_one_cm":152981,"minecraft:player_kills":1},"minecraft:mined":{"minecraft:spruce_log":1},"minecraft:used":{"securitycraft:reinforced_glass_pane":10,"securitycraft:reinforced_spruce_planks":34,"securitycraft:reinforced_stripped_cherry_wood":18,"minecraft:netherite_axe":111,"securitycraft:reinforced_ladder":25,"minecraft:stripped_cherry_wood":49,"minecraft:cherry_log":53,"securitycraft:reinforced_stripped_spruce_log":103,"minecraft:spruce_log":254,"minecraft:stripped_spruce_log":1}},"DataVersion":3465}