{"stats":{"minecraft:picked_up":{"twilightforest:cicada_jar":1,"minecraft:iron_chestplate":2,"minecraft:wheat":2,"minecraft:flower_pot":1,"minecraft:diamond_sword":3,"minecraft:smithing_table":1,"minecraft:lead":4,"weaponmaster:wm_rapierlarge":1,"minecraft:oak_stairs":2,"minecraft:potion":1,"minecraft:nether_brick":4,"minecraft:golden_sword":1,"farmersdelight:cutting_board":3,"paraglider:goddess_statue":4,"minecraft:string":17,"minecraft:waxed_cut_copper_slab":2,"minecraft:red_nether_bricks":3,"minecraft:beetroot_soup":1,"minecraft:zombie_head":1,"farmersdelight:roast_chicken":1,"just_in_ocean:sharkdrakes_fin":1,"minecraft:diamond_leggings":1,"minecraft:cobbled_deepslate":155,"minecraft:bucket":3,"minecraft:spruce_planks":2,"minecraft:written_book":1,"minecraft:calcite":3,"minecraft:iron_pickaxe":3,"minecraft:enchanted_golden_apple":1,"twilightforest:firefly_jar":1,"minecraft:iron_boots":1,"minecraft:stick":2,"minecraft:birch_trapdoor":1,"minecraft:oak_fence":1,"minecraft:torch":17,"minecraft:acacia_log":1,"botania:black_mushroom":2,"minecraft:spruce_stairs":2,"paraglider:kakariko_goddess_statue":1,"minecraft:golden_axe":6,"minecraft:cherry_log":1,"minecraft:pointed_dripstone":1,"minecraft:diorite":1,"minecraft:golden_chestplate":3,"alexsmobs:centipede_leg":1,"minecraft:stone_sword":3,"friendsandfoes:crab_claw":1,"minecraft:rotten_flesh":110,"farmersdelight:onion":6,"supplementaries:antique_ink":2,"sons_of_sins:heart":1,"farmersdelight:rope":16,"supplementaries:ash":112,"botania:magenta_shiny_flower":1,"minecraft:iron_bars":3,"alexsmobs:flying_fish":2,"minecraft:cobblestone":132,"minecraft:birch_log":2,"minecraft:magma_block":1,"minecraft:feather":14,"minecraft:cooked_beef":3,"minecraft:brown_wool":1,"alexsmobs:bear_fur":2,"paraglider:spirit_orb":38,"minecraft:flint":18,"supplementaries:flax_seeds":2,"alexsmobs:rocky_shell":1,"alexsmobs:mosquito_larva":1,"minecraft:lapis_lazuli":8,"minecraft:dirt":1629,"securitycraft:sentry":2,"minecraft:bone":60,"minecraft:orange_tulip":1,"minecraft:bow":4,"twilightforest:lamp_of_cinders":1,"minecraft:wheat_seeds":131,"minecraft:raw_gold":3,"minecraft:stone_hoe":1,"minecraft:oak_planks":58,"friendsandfoes:totem_of_freezing":1,"cosasodsputouve:orbit_coins":2,"patchouli:guide_book":5,"just_in_cave:the_old_miners_pickaxe":1,"minecraft:sand":12,"twilightforest:canopy_log":3,"twilightforest:yeti_chestplate":1,"minecraft:dead_bush":2,"minecraft:cyan_bed":2,"cosasodsputouve:cama":1,"minecraft:barrel":1,"alexsmobs:animal_dictionary":5,"minecraft:mossy_cobblestone":2,"minecraft:bundle":2,"minecraft:diamond":77,"minecraft:soul_lantern":1,"minecraft:bone_meal":1,"minecraft:golden_apple":1,"minecraft:emerald":14,"minecraft:bread":34,"alexsmobs:maggot":3,"minecraft:netherrack":3,"minecraft:dark_oak_fence":2,"supplementaries:gold_door":3,"minecraft:coarse_dirt":16,"minecraft:crafting_table":6,"botania:mana_gun":3,"minecraft:allium":7,"twilightforest:yeti_boots":1,"minecraft:chicken":1,"minecraft:chest_minecart":2,"minecraft:brown_mushroom":5,"friendsandfoes:totem_of_illusion":1,"mowziesmobs:glowing_jelly":4,"minecraft:gold_block":4,"minecraft:shield":3,"minecraft:moss_carpet":2,"twilightforest:yeti_helmet":1,"minecraft:iron_axe":3,"minecraft:flint_and_steel":3,"twilightforest:filled_magic_map":3,"minecraft:item_frame":3,"minecraft:compass":1,"minecraft:cyan_carpet":9,"minecraft:blackstone":143,"minecraft:beef":6,"minecraft:oak_boat":11,"minecraft:player_head":2,"minecraft:iron_nugget":246,"minecraft:poppy":2,"minecraft:light_gray_wool":1,"minecraft:spruce_slab":1,"supplementaries:cage":1,"minecraft:sugar_cane":72,"farmersdelight:golden_knife":3,"minecraft:birch_sapling":1,"minecraft:egg":16,"cfm:cyan_kitchen_counter":1,"minecraft:raw_iron":76,"minecraft:oak_door":2,"minecraft:copper_ingot":1,"minecraft:bowl":2,"stalwart_dungeons:ancient_fire":2,"botania:purple_mushroom":1,"minecraft:spruce_fence":1,"minecraft:fire_charge":6,"supplementaries:key":66,"minecraft:carrot":2,"minecraft:redstone":1,"twilightforest:firefly":2,"minecraft:dark_oak_planks":4,"minecraft:purple_candle":3,"minecraft:arrow":19,"minecraft:decorated_pot":1,"mowziesmobs:earthbore_gauntlet":1,"minecraft:golden_hoe":3,"farmersdelight:hamburger":1,"mowziesmobs:umvuthana_mask_bliss":4,"minecraft:gold_ingot":32,"minecraft:mutton":2,"mowziesmobs:grant_suns_blessing":3,"minecraft:stripped_oak_log":74,"minecraft:golden_carrot":2,"minecraft:glow_ink_sac":2,"minecraft:leather":21,"minecraft:filled_map":1,"minecraft:oak_log":29,"minecraft:gunpowder":7,"mowziesmobs:wrought_axe":1,"minecraft:paper":28,"botania:light_blue_mystical_flower":1,"nethersdelight:iron_machete":3,"botania:yellow_mushroom":1,"minecraft:coast_armor_trim_smithing_template":3,"minecraft:iron_ingot":40,"minecraft:stone_pickaxe":1,"minecraft:cooked_chicken":2,"minecraft:cherry_sign":1,"minecraft:book":1,"twilightforest:nagastone_pillar":3,"minecraft:dandelion":13,"minecraft:raw_iron_block":24,"minecraft:gravel":194,"minecraft:blast_furnace":1,"minecraft:white_bed":1,"minecraft:spider_eye":1,"minecraft:leather_helmet":3,"supplementaries:clock_block":4,"mowziesmobs:naga_fang":1,"artifacts:helium_flamingo":2,"minecraft:painting":2,"minecraft:baked_potato":3,"minecraft:wooden_axe":4,"minecraft:sunflower":1},"minecraft:crafted":{"minecraft:oak_planks":340,"supplementaries:gold_door":3,"supplementaries:ash_bricks":3,"supplementaries:lock_block":2,"weaponmaster:workstation":1,"minecraft:diamond_leggings":1,"minecraft:diamond_helmet":1,"sophisticatedbackpacks:copper_backpack":1,"minecraft:chest":1,"supplementaries:ash_brick":38,"minecraft:iron_door":3,"minecraft:stone_hoe":7,"minecraft:emerald":3,"minecraft:crafting_table":5,"supplementaries:key":1,"minecraft:baked_potato":1,"minecraft:oak_wood":3,"minecraft:purple_dye":1,"minecraft:shield":1,"sophisticatedbackpacks:diamond_backpack":1,"minecraft:stick":16,"minecraft:iron_pickaxe":1,"minecraft:oak_door":3,"farmersdelight:roast_chicken_block":1,"minecraft:oak_trapdoor":4,"minecraft:stone_pickaxe":11,"minecraft:diamond_boots":1,"paraglider:paraglider":1,"minecraft:iron_sword":1,"minecraft:bell":4,"sophisticatedbackpacks:gold_backpack":1,"minecraft:bucket":1,"minecraft:air":0,"minecraft:oak_boat":3,"minecraft:oak_stairs":8,"minecraft:diamond_chestplate":1},"minecraft:mined":{"minecraft:dark_oak_planks":4,"minecraft:waxed_cut_copper_slab":2,"minecraft:spruce_planks":1,"minecraft:white_bed":2,"minecraft:cobblestone_stairs":2,"minecraft:red_nether_bricks":3,"botania:pink_double_flower":1,"minecraft:brewing_stand":1,"cosasodsputouve:cama":1,"minecraft:cave_vines_plant":3,"botania:black_mushroom":1,"minecraft:grass_block":1492,"minecraft:oxeye_daisy":1,"twilightforest:nagastone_pillar":4,"minecraft:spawner":7,"minecraft:magma_block":9,"minecraft:dark_oak_trapdoor":1,"minecraft:cobbled_deepslate":6,"minecraft:fire":20,"minecraft:deepslate_lapis_ore":2,"minecraft:nether_brick_stairs":2,"minecraft:red_tulip":1,"minecraft:cave_vines":2,"minecraft:dirt_path":1,"minecraft:oak_stairs":1,"minecraft:iron_bars":3,"minecraft:stripped_mangrove_wood":2,"minecraft:player_head":2,"minecraft:blackstone":152,"twilightforest:spiral_bricks":1,"minecraft:blast_furnace":1,"minecraft:calcite":3,"minecraft:poppy":2,"minecraft:polished_andesite_stairs":1,"minecraft:dead_bush":1,"minecraft:cobblestone":22,"minecraft:cyan_bed":2,"minecraft:oak_planks":28,"minecraft:wall_torch":2,"minecraft:birch_log":2,"minecraft:birch_trapdoor":1,"paraglider:kakariko_goddess_statue":1,"minecraft:smooth_stone_slab":2,"supplementaries:gold_door":2,"minecraft:grass":335,"minecraft:oak_log":14,"minecraft:sand":295,"minecraft:dirt":836,"twilightforest:canopy_log":7,"minecraft:netherrack":4,"minecraft:oak_leaves":1,"minecraft:deepslate":138,"minecraft:infested_deepslate":1,"twilightforest:firefly":1,"minecraft:mossy_cobblestone":3,"minecraft:dark_oak_leaves":1,"minecraft:deepslate_diamond_ore":48,"minecraft:oak_door":2,"minecraft:purple_candle":1,"minecraft:dark_oak_fence":2,"minecraft:allium":3,"minecraft:spruce_fence":2,"minecraft:large_fern":1,"botania:purple_mushroom":1,"farmersdelight:wild_onions":2,"minecraft:black_stained_glass_pane":3,"minecraft:suspicious_sand":2,"minecraft:gold_block":1,"twilightforest:firefly_jar":1,"minecraft:deepslate_iron_ore":1,"minecraft:stripped_oak_log":25,"minecraft:stone":72,"minecraft:cake":1,"minecraft:smithing_table":1,"minecraft:acacia_leaves":1,"lootr:lootr_barrel":1,"minecraft:dandelion":11,"minecraft:crafting_table":6,"twilightforest:nagastone":1,"minecraft:tall_grass":109,"minecraft:deepslate_gold_ore":3,"minecraft:diorite":1,"supplementaries:urn":2,"minecraft:spruce_stairs":2,"minecraft:purple_bed":1,"minecraft:coarse_dirt":6,"minecraft:spruce_log":1,"twilightforest:cicada_jar":1,"minecraft:zombie_head":1,"minecraft:sunflower":5,"minecraft:gravel":222,"minecraft:cobweb":4,"minecraft:cracked_stone_bricks":1,"minecraft:polished_andesite":2,"minecraft:stone_bricks":1,"minecraft:cherry_sign":1,"minecraft:fern":4,"paraglider:goddess_statue":4},"minecraft:killed_by":{"minecraft:creeper":1,"minecraft:silverfish":1,"minecraft:zombie":6,"minecraft:player":22,"minecraft:spider":1,"minecraft:skeleton":3},"minecraft:custom":{"lootr:looted_stat":73,"minecraft:interact_with_crafting_table":50,"minecraft:open_barrel":2,"minecraft:open_shulker_box":1,"minecraft:eat_cake_slice":2,"minecraft:leave_game":40,"minecraft:time_since_death":52905,"minecraft:damage_resisted":31,"minecraft:sprint_one_cm":718564,"minecraft:damage_blocked_by_shield":983,"minecraft:drop":234,"minecraft:talked_to_villager":20,"minecraft:play_time":829488,"minecraft:deaths":51,"minecraft:jump":7595,"minecraft:walk_on_water_one_cm":64656,"minecraft:interact_with_furnace":17,"minecraft:traded_with_villager":25,"minecraft:sleep_in_bed":5,"minecraft:damage_dealt":30113,"minecraft:player_kills":18,"minecraft:crouch_one_cm":100210,"minecraft:interact_with_anvil":2,"minecraft:mob_kills":152,"minecraft:climb_one_cm":17998,"minecraft:walk_one_cm":1312902,"minecraft:sneak_time":32194,"twilightforest:tf_shields_broken":9,"minecraft:walk_under_water_one_cm":61743,"minecraft:boat_one_cm":273565,"minecraft:total_world_time":829488,"minecraft:time_since_rest":53293,"minecraft:damage_taken":21092,"minecraft:damage_absorbed":561,"minecraft:swim_one_cm":166498,"minecraft:fly_one_cm":4963073,"minecraft:open_chest":45,"minecraft:fall_one_cm":204219},"minecraft:used":{"minecraft:cherry_sapling":14,"minecraft:moss_carpet":1,"supplementaries:hourglass":3,"minecraft:purple_candle":3,"minecraft:spruce_slab":3,"botania:creative_pool":1,"friendsandfoes:crab_spawn_egg":2,"farmersdelight:stove":2,"minecraft:chest":4,"supplementaries:gold_door":3,"minecraft:shield":19,"minecraft:iron_sword":22,"lootr:trophy":1,"minecraft:rotten_flesh":1,"supplementaries:globe":2,"paraglider:goddess_statue":3,"cfm:cyan_kitchen_counter":11,"cfm:oak_kitchen_sink_light":1,"minecraft:allium":1,"minecraft:tuff":7,"farmersdelight:roast_chicken":1,"minecraft:stripped_spruce_log":1,"minecraft:obsidian":1,"minecraft:glass":10,"cfm:door_mat":1,"minecraft:lava_bucket":9,"friendsandfoes:totem_of_illusion":4,"minecraft:grass_block":175,"botania:magenta_shiny_flower":6,"ftbquests:loot_crate_opener":1,"friendsandfoes:totem_of_freezing":1,"mowziesmobs:earthbore_gauntlet":4,"minecraft:golden_sword":140,"minecraft:bow":15,"farmersdelight:cutting_board":1,"minecraft:written_book":1,"securitycraft:reinforced_stripped_cherry_wood":18,"minecraft:furnace":5,"stalwart_dungeons:obsidian_striker":11,"minecraft:gold_block":10,"minecraft:egg":1,"minecraft:potato":17,"farmersdelight:hamburger":1,"minecraft:light_blue_carpet":1,"botania:yellow_mushroom":2,"cosasodsputouve:cama_pende_original":1,"minecraft:elder_guardian_spawn_egg":1,"securitycraft:reinforced_spruce_planks":34,"minecraft:stone_pickaxe":4,"minecraft:oak_planks":614,"supplementaries:hat_stand":1,"securitycraft:reinforced_glass_pane":10,"minecraft:golden_apple":1,"minecraft:sand":6,"minecraft:blast_furnace":6,"securitycraft:reinforced_ladder":25,"minecraft:stripped_cherry_wood":49,"securitycraft:reinforced_stripped_spruce_log":103,"botania:light_blue_mushroom":7,"twilightforest:ironwood_pickaxe":1,"cfm:oak_chair":5,"minecraft:redstone_torch":3,"stalwart_dungeons:nether_keeper_spawn_egg":2,"minecraft:cyan_bed":2,"minecraft:string":1,"minecraft:brown_wool":13,"minecraft:bread":31,"stalwart_dungeons:nether_hammer":1,"paraglider:kakariko_goddess_statue":1,"cfm:stripped_spruce_park_bench":16,"minecraft:cherry_sign":4,"supplementaries:cannon":2,"minecraft:gravel":28,"minecraft:iron_door":2,"cosasodsputouve:cama_p_gorra":1,"minecraft:diamond_sword":698,"supplementaries:lock_block":2,"minecraft:smithing_table":1,"friendsandfoes:rascal_spawn_egg":1,"minecraft:oak_boat":11,"cosasodsputouve:cama":1,"creeperoverhaul:savannah_creeper_spawn_egg":1,"minecraft:bone_meal":89,"minecraft:golden_pickaxe":16,"minecraft:experience_bottle":1,"creeperoverhaul:jungle_creeper_spawn_egg":1,"minecraft:cherry_boat":1,"minecraft:oak_trapdoor":4,"friendsandfoes:mauler_spawn_egg":1,"minecraft:stone_sword":26,"minecraft:flint_and_steel":21,"twilightforest:dark_leaves":1,"weaponmaster:workstation":1,"minecraft:netherrack":3,"botania:teru_teru_bozu":1,"minecraft:oak_door":2,"minecraft:torch":8,"minecraft:dirt":69,"botania:avatar":1,"cosasodsputouve:cama_p_rico":1,"botania:purple_mystical_flower":3,"minecraft:spruce_fence":1,"supplementaries:jar":2,"cfm:black_sofa":1,"minecraft:oak_stairs":7,"minecraft:iron_axe":115,"minecraft:chicken_spawn_egg":3,"supplementaries:speaker_block":1,"twilightforest:twilight_portal_miniature_structure":1,"minecraft:cherry_fence_gate":2,"minecraft:light_gray_wool":15,"friendsandfoes:copper_golem_spawn_egg":3,"minecraft:golden_carrot":12,"cfm:fridge_light":1,"twilightforest:magic_painting":9,"securitycraft:reinforced_glass":58,"farmersdelight:cooking_pot":1,"alexsmobs:banana":25,"supplementaries:statue":7,"botania:lime_mystical_flower":5,"minecraft:cooked_beef":20,"minecraft:cobbled_deepslate":2,"minecraft:cherry_log":53,"minecraft:cherry_fence":41,"minecraft:enchanted_golden_apple":4,"cfm:purple_sofa":3,"minecraft:beetroot_soup":1,"farmersdelight:roast_chicken_block":1,"minecraft:water_bucket":11,"minecraft:snow_block":1,"minecraft:dirt_path":21,"supplementaries:present_black":2,"farmersdelight:skillet":1,"minecraft:bundle":1,"minecraft:baked_potato":1,"cfm:cyan_kitchen_drawer":2,"farmersdelight:dark_oak_cabinet":3,"supplementaries:slingshot":8,"twilightforest:firefly_particle_spawner":2,"farmersdelight:onion":4,"supplementaries:pulley_block":1,"minecraft:crafting_table":9,"twilightforest:magic_map":2,"friendsandfoes:moobloom_spawn_egg":1,"cfm:pink_picket_fence":4,"twilightforest:time_leaves":7,"minecraft:painting":33,"minecraft:spruce_log":254,"minecraft:oak_log":214,"alexsmobs:flying_fish":1,"minecraft:black_wool":6,"twilightforest:carminite_ghastguard_spawn_egg":1,"minecraft:diamond_pickaxe":135,"minecraft:apple":3,"supplementaries:cage":4,"minecraft:diamond_shovel":3028,"minecraft:iron_pickaxe":2,"cfm:fridge_dark":1,"minecraft:netherite_axe":111,"just_in_cave:the_old_miners_pickaxe":407,"friendsandfoes:crab_egg":4,"botania:cacophonium_block":2,"twilightforest:alpha_yeti_spawn_egg":1,"minecraft:yellow_wool":5,"just_in_ocean:mussel_spawn_egg":2,"minecraft:cobblestone":4,"mowziesmobs:umvuthana_mask_fury":1,"minecraft:bucket":10,"minecraft:stripped_oak_log":364,"minecraft:splash_potion":1},"minecraft:killed":{"twilightforest:alpha_yeti":1,"minecraft:spider":8,"just_in_cave:the_old_miner":1,"mowziesmobs:frostmaw":1,"minecraft:skeleton":13,"friendsandfoes:glare":1,"minecraft:chicken":2,"creeperoverhaul:jungle_creeper":1,"minecraft:silverfish":1,"alexsmobs:centipede_head":1,"minecraft:wolf":1,"alexsmobs:grizzly_bear":1,"minecraft:elder_guardian":1,"minecraft:creeper":3,"mowziesmobs:lantern":2,"minecraft:trader_llama":2,"friendsandfoes:crab":2,"minecraft:zombie":34,"twilightforest:carminite_ghastguard":1,"alexsmobs:fly":2,"just_in_ocean:mussel":1,"mowziesmobs:naga":2,"twilightforest:dwarf_rabbit":1,"twilightforest:death_tome":1,"twilightforest:tiny_bird":11,"alexsmobs:flying_fish":1,"friendsandfoes:copper_golem":1,"minecraft:husk":12,"minecraft:wandering_trader":1,"mowziesmobs:umvuthana_follower_raptor":2,"stalwart_dungeons:nether_keeper":2,"friendsandfoes:moobloom":1,"alexsmobs:crow":1,"just_in_ocean:sharkdrake":1,"just_in_cave:ghost_minecart":8,"creeperoverhaul:savannah_creeper":1,"alexsmobs:platypus":2,"minecraft:villager":2,"twilightforest:bighorn_sheep":1},"minecraft:broken":{"minecraft:diamond_helmet":1,"minecraft:diamond_boots":1,"mowziesmobs:umvuthana_mask_bliss":1,"minecraft:iron_axe":1},"minecraft:dropped":{"minecraft:diamond":2,"minecraft:crafting_table":2,"minecraft:decorated_pot":1,"minecraft:leather":15,"twilightforest:yeti_helmet":1,"minecraft:leather_helmet":1,"minecraft:emerald":1,"friendsandfoes:totem_of_illusion":1,"minecraft:dirt":703,"twilightforest:firefly":1,"mowziesmobs:umvuthana_mask_bliss":1,"minecraft:mutton":2,"farmersdelight:onion":8,"twilightforest:yeti_chestplate":1,"minecraft:sunflower":1,"minecraft:iron_pickaxe":1,"minecraft:gold_ingot":1,"minecraft:bone":22,"minecraft:compass":2,"minecraft:sugar_cane":48,"minecraft:iron_nugget":80,"minecraft:cobbled_deepslate":7,"cosasodsputouve:orbit_coins":2,"minecraft:rotten_flesh":30,"minecraft:oak_planks":17,"minecraft:enchanted_golden_apple":2,"botania:black_mushroom":1,"minecraft:poppy":2,"farmersdelight:cutting_board":2,"supplementaries:ash":1,"botania:mana_gun":5,"minecraft:chest":1,"minecraft:gunpowder":1,"artifacts:helium_flamingo":2,"farmersdelight:rope":16,"minecraft:iron_ore":13,"minecraft:glass":1,"minecraft:arrow":6,"minecraft:beef":6,"twilightforest:nagastone_pillar":3,"minecraft:bread":5,"minecraft:stone_hoe":6,"minecraft:wheat_seeds":49,"mowziesmobs:grant_suns_blessing":3,"nethersdelight:iron_machete":1,"twilightforest:filled_magic_map":1,"minecraft:diamond_leggings":1,"minecraft:feather":1,"minecraft:oak_fence":1,"minecraft:cobblestone":42,"minecraft:spruce_stairs":1,"twilightforest:canopy_log":3,"botania:light_blue_mystical_flower":1,"minecraft:golden_carrot":1,"minecraft:brown_wool":1,"minecraft:iron_door":1,"minecraft:zombie_head":1,"sons_of_sins:heart":1,"minecraft:dead_bush":1,"twilightforest:lamp_of_cinders":1,"minecraft:golden_hoe":1,"minecraft:paper":22,"minecraft:string":35,"minecraft:bucket":3,"minecraft:dandelion":10,"minecraft:redstone":2,"supplementaries:key":68,"friendsandfoes:totem_of_freezing":1,"alexsmobs:maggot":2,"minecraft:bowl":1,"minecraft:raw_iron":32,"minecraft:light_gray_wool":1,"minecraft:iron_boots":2,"minecraft:stripped_oak_log":48,"supplementaries:clock_block":2,"botania:mana_tablet":1,"alexsmobs:bear_fur":2,"minecraft:spruce_fence":1,"supplementaries:cage":1,"minecraft:diamond_sword":3,"minecraft:filled_map":1,"minecraft:flower_pot":1,"minecraft:allium":5,"minecraft:bundle":2,"minecraft:iron_chestplate":2,"botania:yellow_mushroom":1,"minecraft:golden_sword":1,"mowziesmobs:earthbore_gauntlet":1,"minecraft:bow":1,"minecraft:stone_pickaxe":11,"minecraft:bell":3,"twilightforest:yeti_boots":1,"botania:cosmetic_tiny_potato_mask":1,"weaponmaster:wm_rapierlarge":1,"alexsmobs:mosquito_larva":1}},"DataVersion":3465}