{"stats":{"minecraft:custom":{"minecraft:jump":15,"minecraft:time_since_rest":15002,"minecraft:damage_dealt":10,"minecraft:crouch_one_cm":311,"lootr:looted_stat":1,"minecraft:sprint_one_cm":1769,"minecraft:play_time":17449,"minecraft:deaths":2,"minecraft:time_since_death":14979,"minecraft:walk_one_cm":32187,"minecraft:sneak_time":423,"minecraft:total_world_time":17449,"minecraft:fly_one_cm":107537,"minecraft:player_kills":1},"minecraft:mined":{"minecraft:spruce_log":1},"minecraft:used":{"securitycraft:reinforced_glass_pane":10,"minecraft:netherite_axe":111,"minecraft:stripped_cherry_wood":49,"minecraft:cherry_log":48,"securitycraft:reinforced_stripped_spruce_log":70,"minecraft:spruce_log":144,"minecraft:stripped_spruce_log":1}},"DataVersion":3465}