{"stats":{"minecraft:killed_by":{"minecraft:player":6,"minecraft:spider":1,"minecraft:zombie":4},"minecraft:picked_up":{"twilightforest:cicada_jar":1,"minecraft:allium":2,"botania:mana_gun":3,"minecraft:wheat":2,"twilightforest:yeti_boots":1,"minecraft:smithing_table":1,"minecraft:lead":2,"minecraft:diamond_sword":2,"minecraft:oak_stairs":1,"mowziesmobs:glowing_jelly":4,"minecraft:nether_brick":4,"minecraft:moss_carpet":2,"twilightforest:yeti_helmet":1,"minecraft:spruce_planks":2,"minecraft:written_book":1,"supplementaries:cage":1,"twilightforest:firefly_jar":1,"minecraft:raw_iron":1,"minecraft:copper_ingot":1,"minecraft:oak_fence":1,"stalwart_dungeons:ancient_fire":2,"minecraft:bowl":1,"minecraft:spruce_fence":1,"twilightforest:firefly":1,"minecraft:arrow":2,"friendsandfoes:crab_claw":1,"minecraft:rotten_flesh":3,"minecraft:decorated_pot":1,"mowziesmobs:earthbore_gauntlet":1,"farmersdelight:onion":1,"sons_of_sins:heart":1,"farmersdelight:rope":16,"mowziesmobs:umvuthana_mask_bliss":1,"supplementaries:ash":9,"minecraft:mutton":2,"botania:magenta_shiny_flower":1,"alexsmobs:flying_fish":1,"minecraft:cobblestone":11,"mowziesmobs:grant_suns_blessing":3,"minecraft:feather":1,"minecraft:brown_wool":1,"minecraft:leather":2,"minecraft:oak_log":1,"minecraft:gunpowder":3,"mowziesmobs:wrought_axe":1,"minecraft:dirt":2,"minecraft:paper":10,"securitycraft:sentry":2,"minecraft:bone":12,"twilightforest:lamp_of_cinders":1,"minecraft:wheat_seeds":16,"minecraft:oak_planks":4,"friendsandfoes:totem_of_freezing":1,"minecraft:book":1,"twilightforest:nagastone_pillar":3,"cosasodsputouve:orbit_coins":2,"patchouli:guide_book":2,"minecraft:dandelion":1,"minecraft:sand":12,"twilightforest:canopy_log":3,"twilightforest:yeti_chestplate":1,"alexsmobs:animal_dictionary":2,"mowziesmobs:naga_fang":1,"minecraft:sunflower":1},"minecraft:broken":{"mowziesmobs:umvuthana_mask_bliss":1},"minecraft:crafted":{"minecraft:oak_planks":100,"minecraft:crafting_table":2,"minecraft:oak_wood":3,"minecraft:stick":4,"minecraft:iron_pickaxe":1},"minecraft:mined":{"twilightforest:firefly":1,"minecraft:grass_block":2,"twilightforest:nagastone_pillar":4,"minecraft:spawner":1,"minecraft:fire":5,"minecraft:suspicious_sand":2,"twilightforest:firefly_jar":1,"minecraft:deepslate_iron_ore":1,"minecraft:stone":15,"minecraft:smithing_table":1,"minecraft:crafting_table":1,"twilightforest:spiral_bricks":1,"minecraft:dead_bush":1,"twilightforest:nagastone":1,"minecraft:tall_grass":26,"minecraft:cobblestone":2,"minecraft:oak_planks":2,"supplementaries:urn":1,"minecraft:spruce_log":1,"minecraft:smooth_stone_slab":1,"minecraft:grass":45,"twilightforest:cicada_jar":1,"minecraft:oak_log":1,"minecraft:gravel":4,"minecraft:sand":8,"minecraft:cracked_stone_bricks":1,"minecraft:stone_bricks":1,"twilightforest:canopy_log":7,"minecraft:netherrack":1,"minecraft:oak_leaves":1,"minecraft:fern":2},"minecraft:used":{"minecraft:stone_sword":26,"supplementaries:hourglass":3,"minecraft:flint_and_steel":12,"minecraft:spruce_slab":3,"botania:creative_pool":1,"twilightforest:dark_leaves":1,"lootr:trophy":1,"botania:teru_teru_bozu":1,"supplementaries:globe":2,"botania:purple_mystical_flower":3,"minecraft:stripped_spruce_log":1,"minecraft:obsidian":1,"supplementaries:jar":2,"cfm:door_mat":1,"cfm:black_sofa":1,"friendsandfoes:totem_of_illusion":4,"minecraft:iron_axe":15,"minecraft:grass_block":46,"botania:magenta_shiny_flower":6,"ftbquests:loot_crate_opener":1,"twilightforest:twilight_portal_miniature_structure":1,"supplementaries:speaker_block":1,"friendsandfoes:totem_of_freezing":1,"mowziesmobs:earthbore_gauntlet":4,"minecraft:golden_sword":110,"friendsandfoes:copper_golem_spawn_egg":3,"minecraft:golden_carrot":10,"minecraft:written_book":1,"stalwart_dungeons:obsidian_striker":10,"securitycraft:reinforced_stripped_cherry_wood":18,"supplementaries:statue":7,"minecraft:cherry_log":53,"botania:lime_mystical_flower":5,"botania:yellow_mushroom":2,"minecraft:water_bucket":1,"supplementaries:present_black":2,"securitycraft:reinforced_spruce_planks":34,"minecraft:stone_pickaxe":4,"minecraft:oak_planks":15,"supplementaries:slingshot":4,"supplementaries:hat_stand":1,"securitycraft:reinforced_glass_pane":10,"supplementaries:pulley_block":1,"minecraft:sand":2,"minecraft:crafting_table":1,"twilightforest:magic_map":2,"securitycraft:reinforced_ladder":25,"minecraft:painting":18,"minecraft:stripped_cherry_wood":49,"securitycraft:reinforced_stripped_spruce_log":103,"minecraft:spruce_log":254,"botania:light_blue_mushroom":7,"twilightforest:ironwood_pickaxe":1,"alexsmobs:flying_fish":1,"stalwart_dungeons:nether_keeper_spawn_egg":2,"minecraft:diamond_pickaxe":29,"supplementaries:cage":4,"minecraft:bread":4,"stalwart_dungeons:nether_hammer":1,"minecraft:iron_pickaxe":2,"minecraft:netherite_axe":111,"cfm:stripped_spruce_park_bench":16,"minecraft:diamond_sword":18,"mowziesmobs:umvuthana_mask_fury":1,"minecraft:splash_potion":1,"minecraft:golden_pickaxe":16},"minecraft:killed":{"minecraft:spider":2,"twilightforest:dwarf_rabbit":1,"mowziesmobs:frostmaw":1,"minecraft:skeleton":2,"friendsandfoes:glare":1,"twilightforest:death_tome":1,"alexsmobs:flying_fish":1,"friendsandfoes:copper_golem":1,"minecraft:wandering_trader":1,"mowziesmobs:umvuthana_follower_raptor":2,"stalwart_dungeons:nether_keeper":2,"mowziesmobs:lantern":2,"minecraft:trader_llama":2,"friendsandfoes:crab":1,"minecraft:zombie":2,"alexsmobs:fly":1,"alexsmobs:platypus":2,"twilightforest:bighorn_sheep":1,"mowziesmobs:naga":2},"minecraft:dropped":{"minecraft:wheat_seeds":16,"mowziesmobs:grant_suns_blessing":3,"minecraft:decorated_pot":1,"twilightforest:filled_magic_map":1,"minecraft:oak_fence":1,"minecraft:cobblestone":5,"twilightforest:yeti_helmet":1,"twilightforest:canopy_log":3,"friendsandfoes:totem_of_illusion":1,"minecraft:golden_carrot":1,"minecraft:mutton":2,"minecraft:brown_wool":1,"sons_of_sins:heart":1,"twilightforest:yeti_chestplate":1,"minecraft:sunflower":1,"twilightforest:lamp_of_cinders":1,"minecraft:paper":10,"minecraft:dandelion":1,"minecraft:bone":5,"friendsandfoes:totem_of_freezing":1,"minecraft:bowl":1,"cosasodsputouve:orbit_coins":2,"minecraft:rotten_flesh":1,"botania:mana_tablet":1,"minecraft:spruce_fence":1,"supplementaries:cage":1,"minecraft:diamond_sword":2,"supplementaries:ash":1,"minecraft:gunpowder":1,"botania:mana_gun":5,"minecraft:allium":2,"farmersdelight:rope":16,"mowziesmobs:earthbore_gauntlet":1,"minecraft:arrow":2,"twilightforest:yeti_boots":1,"botania:cosmetic_tiny_potato_mask":1,"twilightforest:nagastone_pillar":3},"minecraft:custom":{"lootr:looted_stat":9,"minecraft:mob_kills":29,"minecraft:interact_with_crafting_table":3,"minecraft:leave_game":13,"minecraft:time_since_death":1477,"minecraft:climb_one_cm":15107,"minecraft:sprint_one_cm":130814,"minecraft:walk_one_cm":332810,"minecraft:drop":54,"minecraft:deaths":18,"minecraft:play_time":281376,"minecraft:sneak_time":8935,"minecraft:walk_under_water_one_cm":6137,"minecraft:boat_one_cm":1725,"minecraft:jump":1524,"minecraft:walk_on_water_one_cm":5959,"minecraft:total_world_time":281376,"minecraft:time_since_rest":1498,"minecraft:damage_taken":6419,"minecraft:damage_absorbed":405,"minecraft:damage_dealt":8915,"minecraft:swim_one_cm":4443,"minecraft:fly_one_cm":1700618,"minecraft:player_kills":4,"minecraft:open_chest":2,"minecraft:crouch_one_cm":19946,"minecraft:fall_one_cm":70202}},"DataVersion":3465}