{"stats":{"minecraft:dropped":{"minecraft:wheat_seeds":19,"mowziesmobs:grant_suns_blessing":3,"minecraft:crafting_table":2,"nethersdelight:iron_machete":1,"minecraft:decorated_pot":1,"twilightforest:filled_magic_map":1,"minecraft:oak_fence":1,"minecraft:cobblestone":5,"minecraft:leather":12,"twilightforest:yeti_helmet":1,"twilightforest:canopy_log":3,"minecraft:leather_helmet":1,"friendsandfoes:totem_of_illusion":1,"minecraft:dirt":7,"twilightforest:firefly":1,"minecraft:golden_carrot":1,"mowziesmobs:umvuthana_mask_bliss":1,"minecraft:mutton":2,"minecraft:brown_wool":1,"minecraft:dead_bush":1,"minecraft:zombie_head":1,"farmersdelight:onion":8,"sons_of_sins:heart":1,"twilightforest:yeti_chestplate":1,"twilightforest:lamp_of_cinders":1,"minecraft:sunflower":1,"minecraft:golden_hoe":1,"minecraft:paper":22,"minecraft:dandelion":9,"minecraft:bone":5,"minecraft:sugar_cane":48,"friendsandfoes:totem_of_freezing":1,"minecraft:iron_nugget":40,"cosasodsputouve:orbit_coins":2,"minecraft:bowl":1,"minecraft:rotten_flesh":27,"supplementaries:clock_block":2,"botania:mana_tablet":1,"minecraft:spruce_fence":1,"supplementaries:cage":1,"minecraft:filled_map":1,"minecraft:diamond_sword":2,"minecraft:poppy":2,"farmersdelight:cutting_board":2,"supplementaries:ash":1,"minecraft:flower_pot":1,"minecraft:gunpowder":1,"botania:mana_gun":5,"minecraft:allium":3,"minecraft:golden_sword":1,"farmersdelight:rope":16,"mowziesmobs:earthbore_gauntlet":1,"minecraft:arrow":6,"minecraft:bow":1,"twilightforest:yeti_boots":1,"botania:cosmetic_tiny_potato_mask":1,"twilightforest:nagastone_pillar":3},"minecraft:mined":{"twilightforest:firefly":1,"minecraft:purple_candle":1,"minecraft:grass_block":2,"minecraft:oxeye_daisy":1,"twilightforest:nagastone_pillar":4,"minecraft:spawner":2,"farmersdelight:wild_onions":2,"minecraft:fire":7,"minecraft:suspicious_sand":2,"twilightforest:firefly_jar":1,"minecraft:deepslate_iron_ore":1,"minecraft:stone":18,"minecraft:smithing_table":1,"minecraft:dandelion":8,"minecraft:crafting_table":1,"twilightforest:spiral_bricks":1,"minecraft:dead_bush":1,"twilightforest:nagastone":1,"minecraft:tall_grass":34,"minecraft:cobblestone":2,"minecraft:oak_planks":2,"supplementaries:urn":1,"minecraft:spruce_log":1,"minecraft:smooth_stone_slab":1,"minecraft:grass":70,"twilightforest:cicada_jar":1,"minecraft:oak_log":1,"minecraft:zombie_head":1,"minecraft:sunflower":5,"minecraft:gravel":4,"minecraft:sand":8,"minecraft:cracked_stone_bricks":1,"minecraft:stone_bricks":1,"twilightforest:canopy_log":7,"minecraft:netherrack":4,"minecraft:oak_leaves":1,"minecraft:fern":2},"minecraft:used":{"minecraft:stone_sword":26,"supplementaries:hourglass":3,"minecraft:purple_candle":3,"minecraft:flint_and_steel":21,"minecraft:spruce_slab":3,"botania:creative_pool":1,"twilightforest:dark_leaves":1,"minecraft:shield":1,"minecraft:chest":3,"minecraft:iron_sword":22,"lootr:trophy":1,"minecraft:netherrack":3,"botania:teru_teru_bozu":1,"minecraft:torch":1,"supplementaries:globe":2,"minecraft:dirt":9,"botania:purple_mystical_flower":3,"minecraft:stripped_spruce_log":1,"minecraft:obsidian":1,"supplementaries:jar":2,"cfm:door_mat":1,"cfm:black_sofa":1,"minecraft:lava_bucket":8,"friendsandfoes:totem_of_illusion":4,"minecraft:iron_axe":18,"minecraft:grass_block":47,"botania:magenta_shiny_flower":6,"ftbquests:loot_crate_opener":1,"supplementaries:speaker_block":1,"twilightforest:twilight_portal_miniature_structure":1,"friendsandfoes:totem_of_freezing":1,"mowziesmobs:earthbore_gauntlet":4,"minecraft:golden_sword":140,"friendsandfoes:copper_golem_spawn_egg":3,"minecraft:golden_carrot":10,"minecraft:written_book":1,"stalwart_dungeons:obsidian_striker":10,"securitycraft:reinforced_stripped_cherry_wood":18,"supplementaries:statue":7,"minecraft:cherry_log":53,"botania:lime_mystical_flower":5,"botania:yellow_mushroom":2,"minecraft:water_bucket":1,"supplementaries:present_black":2,"securitycraft:reinforced_spruce_planks":34,"minecraft:stone_pickaxe":4,"minecraft:oak_planks":15,"supplementaries:slingshot":8,"supplementaries:hat_stand":1,"securitycraft:reinforced_glass_pane":10,"supplementaries:pulley_block":1,"minecraft:sand":2,"minecraft:crafting_table":2,"twilightforest:magic_map":2,"securitycraft:reinforced_ladder":25,"minecraft:painting":18,"minecraft:stripped_cherry_wood":49,"securitycraft:reinforced_stripped_spruce_log":103,"minecraft:spruce_log":254,"botania:light_blue_mushroom":7,"twilightforest:ironwood_pickaxe":1,"alexsmobs:flying_fish":1,"stalwart_dungeons:nether_keeper_spawn_egg":2,"minecraft:diamond_pickaxe":49,"supplementaries:cage":4,"minecraft:bread":16,"stalwart_dungeons:nether_hammer":1,"minecraft:iron_pickaxe":2,"minecraft:netherite_axe":111,"cfm:stripped_spruce_park_bench":16,"minecraft:diamond_sword":42,"mowziesmobs:umvuthana_mask_fury":1,"minecraft:splash_potion":1,"minecraft:golden_pickaxe":16,"minecraft:experience_bottle":1},"minecraft:crafted":{"minecraft:oak_planks":100,"minecraft:crafting_table":3,"minecraft:iron_sword":1,"minecraft:oak_wood":3,"minecraft:shield":1,"minecraft:stick":4,"minecraft:iron_pickaxe":1},"minecraft:picked_up":{"minecraft:wooden_axe":3,"twilightforest:cicada_jar":1,"minecraft:iron_chestplate":1,"minecraft:allium":3,"minecraft:crafting_table":1,"botania:mana_gun":3,"minecraft:wheat":2,"twilightforest:yeti_boots":1,"minecraft:flower_pot":1,"minecraft:smithing_table":1,"minecraft:lead":2,"minecraft:diamond_sword":2,"minecraft:oak_stairs":1,"mowziesmobs:glowing_jelly":4,"minecraft:nether_brick":4,"minecraft:shield":3,"minecraft:golden_sword":1,"farmersdelight:cutting_board":3,"minecraft:moss_carpet":2,"twilightforest:yeti_helmet":1,"minecraft:iron_axe":3,"minecraft:flint_and_steel":3,"twilightforest:filled_magic_map":3,"minecraft:zombie_head":1,"minecraft:spruce_planks":2,"minecraft:oak_boat":3,"minecraft:written_book":1,"minecraft:iron_nugget":206,"minecraft:poppy":2,"minecraft:iron_pickaxe":3,"supplementaries:cage":1,"minecraft:sugar_cane":72,"farmersdelight:golden_knife":3,"twilightforest:firefly_jar":1,"minecraft:egg":15,"minecraft:raw_iron":76,"minecraft:copper_ingot":1,"minecraft:oak_fence":1,"minecraft:torch":15,"stalwart_dungeons:ancient_fire":2,"minecraft:bowl":1,"minecraft:spruce_fence":1,"minecraft:fire_charge":6,"minecraft:golden_axe":6,"minecraft:purple_candle":3,"minecraft:golden_chestplate":3,"twilightforest:firefly":2,"minecraft:stone_sword":3,"minecraft:arrow":8,"friendsandfoes:crab_claw":1,"minecraft:rotten_flesh":45,"minecraft:decorated_pot":1,"mowziesmobs:earthbore_gauntlet":1,"minecraft:golden_hoe":3,"farmersdelight:onion":6,"sons_of_sins:heart":1,"farmersdelight:rope":16,"mowziesmobs:umvuthana_mask_bliss":4,"supplementaries:ash":72,"botania:magenta_shiny_flower":1,"minecraft:mutton":2,"alexsmobs:flying_fish":1,"minecraft:cobblestone":11,"mowziesmobs:grant_suns_blessing":3,"minecraft:feather":1,"minecraft:brown_wool":1,"minecraft:leather":20,"minecraft:filled_map":1,"paraglider:spirit_orb":26,"minecraft:oak_log":1,"minecraft:gunpowder":3,"mowziesmobs:wrought_axe":1,"minecraft:dirt":9,"minecraft:paper":28,"securitycraft:sentry":2,"nethersdelight:iron_machete":3,"minecraft:coast_armor_trim_smithing_template":3,"minecraft:bone":14,"minecraft:bow":3,"twilightforest:lamp_of_cinders":1,"minecraft:wheat_seeds":20,"minecraft:iron_ingot":21,"minecraft:oak_planks":37,"friendsandfoes:totem_of_freezing":1,"minecraft:book":1,"twilightforest:nagastone_pillar":3,"cosasodsputouve:orbit_coins":2,"patchouli:guide_book":5,"minecraft:dandelion":9,"minecraft:raw_iron_block":24,"minecraft:sand":12,"twilightforest:canopy_log":3,"twilightforest:yeti_chestplate":1,"minecraft:dead_bush":2,"alexsmobs:animal_dictionary":5,"minecraft:leather_helmet":3,"supplementaries:clock_block":4,"mowziesmobs:naga_fang":1,"minecraft:diamond":21,"minecraft:bread":33,"minecraft:netherrack":3,"minecraft:sunflower":1},"minecraft:killed_by":{"minecraft:player":6,"minecraft:spider":1,"minecraft:skeleton":3,"minecraft:zombie":5},"minecraft:broken":{"mowziesmobs:umvuthana_mask_bliss":1},"minecraft:killed":{"minecraft:spider":2,"twilightforest:dwarf_rabbit":1,"mowziesmobs:frostmaw":1,"minecraft:skeleton":4,"friendsandfoes:glare":1,"twilightforest:death_tome":1,"alexsmobs:flying_fish":1,"friendsandfoes:copper_golem":1,"minecraft:wandering_trader":1,"mowziesmobs:umvuthana_follower_raptor":2,"stalwart_dungeons:nether_keeper":2,"mowziesmobs:lantern":2,"minecraft:trader_llama":2,"friendsandfoes:crab":1,"minecraft:zombie":7,"alexsmobs:fly":1,"alexsmobs:platypus":2,"twilightforest:bighorn_sheep":1,"mowziesmobs:naga":2},"minecraft:custom":{"lootr:looted_stat":17,"minecraft:mob_kills":36,"minecraft:interact_with_crafting_table":5,"minecraft:leave_game":16,"minecraft:time_since_death":1952,"minecraft:climb_one_cm":15441,"minecraft:sprint_one_cm":182917,"minecraft:walk_one_cm":383040,"minecraft:damage_blocked_by_shield":30,"minecraft:drop":87,"minecraft:deaths":22,"minecraft:play_time":321559,"minecraft:sneak_time":9310,"twilightforest:tf_shields_broken":9,"minecraft:walk_under_water_one_cm":14566,"minecraft:boat_one_cm":1725,"minecraft:jump":2021,"minecraft:walk_on_water_one_cm":16548,"minecraft:total_world_time":321559,"minecraft:time_since_rest":1974,"minecraft:damage_taken":8193,"minecraft:damage_absorbed":405,"minecraft:damage_dealt":11252,"minecraft:swim_one_cm":13255,"minecraft:fly_one_cm":3470423,"minecraft:player_kills":5,"minecraft:open_chest":6,"minecraft:crouch_one_cm":20320,"minecraft:fall_one_cm":84720}},"DataVersion":3465}