{"stats":{"minecraft:custom":{"minecraft:time_since_rest":11352,"lootr:looted_stat":1,"minecraft:sprint_one_cm":20786,"minecraft:damage_taken":2704,"minecraft:walk_one_cm":108913,"minecraft:mob_kills":9,"minecraft:drop":3,"minecraft:damage_dealt":3778,"minecraft:fly_one_cm":243075,"minecraft:player_kills":2,"minecraft:crouch_one_cm":7673,"minecraft:play_time":80247,"minecraft:deaths":7,"minecraft:sneak_time":3255,"minecraft:jump":182,"minecraft:leave_game":1,"minecraft:time_since_death":11323,"minecraft:walk_on_water_one_cm":1862,"minecraft:total_world_time":80247,"minecraft:climb_one_cm":5236,"minecraft:fall_one_cm":15767},"minecraft:killed":{"mowziesmobs:lantern":1,"friendsandfoes:glare":1,"friendsandfoes:copper_golem":1,"friendsandfoes:crab":1,"alexsmobs:fly":1,"alexsmobs:platypus":2,"stalwart_dungeons:nether_keeper":2},"minecraft:picked_up":{"patchouli:guide_book":1,"minecraft:copper_ingot":1,"stalwart_dungeons:ancient_fire":2,"minecraft:diamond_sword":1,"mowziesmobs:glowing_jelly":2,"minecraft:nether_brick":4,"mowziesmobs:wrought_axe":1,"alexsmobs:animal_dictionary":1,"securitycraft:sentry":1,"friendsandfoes:crab_claw":1,"supplementaries:ash":1,"mowziesmobs:grant_suns_blessing":1},"minecraft:mined":{"minecraft:fire":5,"minecraft:spruce_log":1},"minecraft:dropped":{"minecraft:diamond_sword":1,"mowziesmobs:grant_suns_blessing":1,"friendsandfoes:totem_of_illusion":1},"minecraft:used":{"botania:yellow_mushroom":2,"supplementaries:jar":1,"stalwart_dungeons:nether_keeper_spawn_egg":2,"minecraft:water_bucket":1,"cfm:door_mat":1,"supplementaries:present_black":2,"supplementaries:hourglass":3,"supplementaries:cage":3,"minecraft:flint_and_steel":4,"friendsandfoes:totem_of_illusion":4,"minecraft:grass_block":28,"securitycraft:reinforced_spruce_planks":34,"minecraft:spruce_slab":3,"stalwart_dungeons:nether_hammer":1,"minecraft:netherite_axe":111,"botania:magenta_shiny_flower":6,"supplementaries:speaker_block":1,"twilightforest:twilight_portal_miniature_structure":1,"cfm:stripped_spruce_park_bench":4,"supplementaries:hat_stand":1,"mowziesmobs:earthbore_gauntlet":4,"securitycraft:reinforced_glass_pane":10,"supplementaries:globe":1,"friendsandfoes:copper_golem_spawn_egg":3,"minecraft:diamond_sword":10,"supplementaries:pulley_block":1,"minecraft:sand":2,"mowziesmobs:umvuthana_mask_fury":1,"stalwart_dungeons:obsidian_striker":10,"securitycraft:reinforced_stripped_cherry_wood":18,"minecraft:stripped_cherry_wood":49,"securitycraft:reinforced_ladder":25,"supplementaries:statue":7,"botania:purple_mystical_flower":3,"minecraft:painting":18,"minecraft:spruce_log":254,"minecraft:cherry_log":53,"securitycraft:reinforced_stripped_spruce_log":103,"botania:lime_mystical_flower":5,"minecraft:splash_potion":1,"minecraft:stripped_spruce_log":1,"botania:light_blue_mushroom":7},"minecraft:killed_by":{"minecraft:player":4}},"DataVersion":3465}