{"stats":{"minecraft:crafted":{"minecraft:oak_planks":340,"supplementaries:ash_bricks":3,"minecraft:diamond_helmet":1,"minecraft:diamond_leggings":1,"sophisticatedbackpacks:copper_backpack":1,"minecraft:chest":1,"supplementaries:ash_brick":38,"minecraft:stone_hoe":7,"minecraft:emerald":3,"minecraft:crafting_table":5,"minecraft:baked_potato":1,"minecraft:oak_wood":3,"minecraft:purple_dye":1,"minecraft:shield":1,"sophisticatedbackpacks:diamond_backpack":1,"minecraft:stick":16,"minecraft:iron_pickaxe":1,"minecraft:oak_door":3,"farmersdelight:roast_chicken_block":1,"minecraft:oak_trapdoor":4,"minecraft:stone_pickaxe":11,"minecraft:diamond_boots":1,"paraglider:paraglider":1,"minecraft:iron_sword":1,"minecraft:bell":4,"sophisticatedbackpacks:gold_backpack":1,"minecraft:bucket":1,"minecraft:air":0,"minecraft:oak_boat":3,"minecraft:oak_stairs":8,"minecraft:diamond_chestplate":1},"minecraft:killed":{"minecraft:spider":7,"just_in_cave:the_old_miner":1,"mowziesmobs:frostmaw":1,"minecraft:skeleton":11,"friendsandfoes:glare":1,"minecraft:chicken":2,"creeperoverhaul:jungle_creeper":1,"minecraft:silverfish":1,"alexsmobs:centipede_head":1,"minecraft:creeper":2,"mowziesmobs:lantern":2,"minecraft:trader_llama":2,"friendsandfoes:crab":1,"minecraft:zombie":25,"alexsmobs:fly":2,"mowziesmobs:naga":2,"twilightforest:dwarf_rabbit":1,"twilightforest:death_tome":1,"alexsmobs:flying_fish":1,"friendsandfoes:copper_golem":1,"minecraft:husk":12,"minecraft:wandering_trader":1,"mowziesmobs:umvuthana_follower_raptor":2,"stalwart_dungeons:nether_keeper":2,"alexsmobs:crow":1,"just_in_cave:ghost_minecart":8,"creeperoverhaul:savannah_creeper":1,"alexsmobs:platypus":2,"minecraft:villager":1,"twilightforest:bighorn_sheep":1},"minecraft:broken":{"mowziesmobs:umvuthana_mask_bliss":1},"minecraft:used":{"supplementaries:hourglass":3,"minecraft:purple_candle":3,"minecraft:spruce_slab":3,"botania:creative_pool":1,"minecraft:chest":4,"minecraft:shield":15,"minecraft:iron_sword":22,"lootr:trophy":1,"minecraft:rotten_flesh":1,"supplementaries:globe":2,"paraglider:goddess_statue":2,"minecraft:stripped_spruce_log":1,"minecraft:obsidian":1,"cfm:door_mat":1,"minecraft:lava_bucket":8,"friendsandfoes:totem_of_illusion":4,"minecraft:grass_block":64,"botania:magenta_shiny_flower":6,"ftbquests:loot_crate_opener":1,"friendsandfoes:totem_of_freezing":1,"mowziesmobs:earthbore_gauntlet":4,"minecraft:golden_sword":140,"minecraft:written_book":1,"stalwart_dungeons:obsidian_striker":10,"securitycraft:reinforced_stripped_cherry_wood":18,"minecraft:egg":1,"minecraft:potato":17,"botania:yellow_mushroom":2,"cosasodsputouve:cama_pende_original":1,"securitycraft:reinforced_spruce_planks":34,"minecraft:stone_pickaxe":4,"minecraft:oak_planks":461,"supplementaries:hat_stand":1,"securitycraft:reinforced_glass_pane":10,"minecraft:golden_apple":1,"minecraft:sand":2,"securitycraft:reinforced_ladder":25,"minecraft:stripped_cherry_wood":49,"securitycraft:reinforced_stripped_spruce_log":103,"botania:light_blue_mushroom":7,"twilightforest:ironwood_pickaxe":1,"cfm:oak_chair":5,"stalwart_dungeons:nether_keeper_spawn_egg":2,"minecraft:bread":31,"stalwart_dungeons:nether_hammer":1,"minecraft:gravel":28,"cfm:stripped_spruce_park_bench":16,"cosasodsputouve:cama_p_gorra":1,"minecraft:diamond_sword":369,"minecraft:smithing_table":1,"minecraft:oak_boat":11,"cosasodsputouve:cama":1,"creeperoverhaul:savannah_creeper_spawn_egg":1,"minecraft:golden_pickaxe":16,"minecraft:experience_bottle":1,"creeperoverhaul:jungle_creeper_spawn_egg":1,"minecraft:oak_trapdoor":4,"minecraft:stone_sword":26,"minecraft:flint_and_steel":21,"twilightforest:dark_leaves":1,"minecraft:netherrack":3,"botania:teru_teru_bozu":1,"minecraft:oak_door":2,"minecraft:torch":6,"minecraft:dirt":32,"cosasodsputouve:cama_p_rico":1,"botania:purple_mystical_flower":3,"supplementaries:jar":2,"cfm:black_sofa":1,"minecraft:iron_axe":87,"minecraft:oak_stairs":7,"minecraft:chicken_spawn_egg":3,"twilightforest:twilight_portal_miniature_structure":1,"supplementaries:speaker_block":1,"minecraft:light_gray_wool":15,"friendsandfoes:copper_golem_spawn_egg":3,"minecraft:golden_carrot":10,"alexsmobs:banana":25,"supplementaries:statue":7,"minecraft:cooked_beef":9,"minecraft:cobbled_deepslate":2,"minecraft:cherry_log":53,"botania:lime_mystical_flower":5,"cfm:purple_sofa":3,"minecraft:beetroot_soup":1,"farmersdelight:roast_chicken_block":1,"minecraft:water_bucket":11,"supplementaries:present_black":2,"minecraft:baked_potato":1,"supplementaries:slingshot":8,"farmersdelight:onion":4,"supplementaries:pulley_block":1,"minecraft:crafting_table":9,"twilightforest:magic_map":2,"minecraft:painting":18,"minecraft:spruce_log":254,"minecraft:oak_log":214,"alexsmobs:flying_fish":1,"minecraft:black_wool":6,"minecraft:diamond_pickaxe":135,"minecraft:apple":3,"supplementaries:cage":4,"minecraft:diamond_shovel":2704,"minecraft:iron_pickaxe":2,"minecraft:netherite_axe":111,"just_in_cave:the_old_miners_pickaxe":343,"minecraft:cobblestone":4,"mowziesmobs:umvuthana_mask_fury":1,"minecraft:bucket":10,"minecraft:stripped_oak_log":361,"minecraft:splash_potion":1},"minecraft:picked_up":{"minecraft:wooden_axe":4,"twilightforest:cicada_jar":1,"minecraft:iron_chestplate":2,"minecraft:wheat":2,"minecraft:flower_pot":1,"minecraft:smithing_table":1,"minecraft:lead":2,"minecraft:diamond_sword":2,"minecraft:oak_stairs":2,"minecraft:nether_brick":4,"minecraft:golden_sword":1,"farmersdelight:cutting_board":3,"paraglider:goddess_statue":3,"minecraft:string":2,"minecraft:waxed_cut_copper_slab":2,"minecraft:red_nether_bricks":3,"minecraft:beetroot_soup":1,"minecraft:zombie_head":1,"minecraft:cobbled_deepslate":155,"minecraft:bucket":3,"minecraft:spruce_planks":2,"minecraft:written_book":1,"minecraft:calcite":3,"minecraft:iron_pickaxe":3,"twilightforest:firefly_jar":1,"minecraft:iron_boots":1,"minecraft:stick":2,"minecraft:birch_trapdoor":1,"minecraft:spruce_stairs":1,"minecraft:oak_fence":1,"minecraft:torch":15,"minecraft:acacia_log":1,"botania:black_mushroom":2,"minecraft:golden_axe":6,"minecraft:pointed_dripstone":1,"minecraft:diorite":1,"minecraft:golden_chestplate":3,"alexsmobs:centipede_leg":1,"minecraft:stone_sword":3,"friendsandfoes:crab_claw":1,"minecraft:rotten_flesh":90,"farmersdelight:onion":6,"sons_of_sins:heart":1,"supplementaries:antique_ink":2,"farmersdelight:rope":16,"supplementaries:ash":102,"botania:magenta_shiny_flower":1,"minecraft:iron_bars":1,"alexsmobs:flying_fish":2,"minecraft:cobblestone":37,"minecraft:magma_block":1,"minecraft:feather":3,"minecraft:brown_wool":1,"paraglider:spirit_orb":38,"minecraft:flint":18,"supplementaries:flax_seeds":2,"alexsmobs:rocky_shell":1,"minecraft:lapis_lazuli":8,"minecraft:dirt":1021,"securitycraft:sentry":2,"minecraft:bone":57,"minecraft:bow":4,"twilightforest:lamp_of_cinders":1,"minecraft:wheat_seeds":108,"minecraft:raw_gold":3,"minecraft:stone_hoe":1,"minecraft:oak_planks":49,"friendsandfoes:totem_of_freezing":1,"cosasodsputouve:orbit_coins":2,"patchouli:guide_book":5,"just_in_cave:the_old_miners_pickaxe":1,"minecraft:sand":12,"twilightforest:canopy_log":3,"twilightforest:yeti_chestplate":1,"minecraft:dead_bush":2,"minecraft:cyan_bed":1,"minecraft:barrel":1,"cosasodsputouve:cama":1,"alexsmobs:animal_dictionary":5,"minecraft:mossy_cobblestone":2,"minecraft:diamond":76,"minecraft:soul_lantern":1,"minecraft:golden_apple":1,"minecraft:bread":34,"alexsmobs:maggot":3,"minecraft:dark_oak_fence":2,"minecraft:netherrack":3,"minecraft:crafting_table":6,"minecraft:allium":3,"botania:mana_gun":3,"twilightforest:yeti_boots":1,"minecraft:brown_mushroom":5,"mowziesmobs:glowing_jelly":4,"minecraft:shield":3,"twilightforest:yeti_helmet":1,"minecraft:moss_carpet":2,"minecraft:iron_axe":3,"minecraft:flint_and_steel":3,"twilightforest:filled_magic_map":3,"minecraft:item_frame":1,"minecraft:cyan_carpet":9,"minecraft:blackstone":143,"minecraft:oak_boat":11,"minecraft:player_head":2,"minecraft:spruce_slab":1,"minecraft:iron_nugget":246,"minecraft:poppy":2,"minecraft:light_gray_wool":1,"supplementaries:cage":1,"minecraft:sugar_cane":72,"farmersdelight:golden_knife":3,"minecraft:egg":16,"minecraft:raw_iron":76,"minecraft:copper_ingot":1,"stalwart_dungeons:ancient_fire":2,"minecraft:bowl":1,"minecraft:spruce_fence":1,"botania:purple_mushroom":1,"minecraft:fire_charge":6,"twilightforest:firefly":2,"minecraft:dark_oak_planks":4,"minecraft:purple_candle":3,"minecraft:arrow":17,"minecraft:decorated_pot":1,"mowziesmobs:earthbore_gauntlet":1,"minecraft:golden_hoe":3,"mowziesmobs:umvuthana_mask_bliss":4,"minecraft:gold_ingot":17,"minecraft:mutton":2,"mowziesmobs:grant_suns_blessing":3,"minecraft:stripped_oak_log":73,"minecraft:glow_ink_sac":2,"minecraft:leather":20,"minecraft:filled_map":1,"minecraft:oak_log":29,"minecraft:gunpowder":5,"mowziesmobs:wrought_axe":1,"minecraft:paper":28,"botania:yellow_mushroom":1,"nethersdelight:iron_machete":3,"minecraft:coast_armor_trim_smithing_template":3,"minecraft:iron_ingot":21,"minecraft:stone_pickaxe":1,"minecraft:cooked_chicken":2,"minecraft:book":1,"twilightforest:nagastone_pillar":3,"minecraft:dandelion":12,"minecraft:raw_iron_block":24,"minecraft:gravel":194,"minecraft:blast_furnace":1,"minecraft:white_bed":1,"minecraft:spider_eye":1,"minecraft:leather_helmet":3,"supplementaries:clock_block":4,"mowziesmobs:naga_fang":1,"artifacts:helium_flamingo":1,"minecraft:sunflower":1},"minecraft:custom":{"lootr:looted_stat":51,"minecraft:interact_with_crafting_table":42,"minecraft:open_barrel":2,"minecraft:leave_game":25,"minecraft:time_since_death":11102,"minecraft:sprint_one_cm":443269,"minecraft:damage_blocked_by_shield":648,"minecraft:drop":156,"minecraft:talked_to_villager":19,"minecraft:play_time":568156,"minecraft:deaths":38,"minecraft:jump":4682,"minecraft:walk_on_water_one_cm":48191,"minecraft:interact_with_furnace":13,"minecraft:traded_with_villager":25,"minecraft:sleep_in_bed":1,"minecraft:damage_dealt":23630,"minecraft:player_kills":9,"minecraft:crouch_one_cm":62413,"minecraft:mob_kills":109,"minecraft:climb_one_cm":15571,"minecraft:walk_one_cm":915996,"minecraft:sneak_time":21407,"twilightforest:tf_shields_broken":9,"minecraft:walk_under_water_one_cm":25723,"minecraft:boat_one_cm":192328,"minecraft:total_world_time":568156,"minecraft:time_since_rest":11130,"minecraft:damage_taken":15378,"minecraft:damage_absorbed":445,"minecraft:swim_one_cm":44709,"minecraft:fly_one_cm":4381928,"minecraft:open_chest":30,"minecraft:fall_one_cm":144557},"minecraft:killed_by":{"minecraft:silverfish":1,"minecraft:zombie":6,"minecraft:player":17,"minecraft:spider":1,"minecraft:skeleton":3},"minecraft:dropped":{"minecraft:diamond":2,"minecraft:crafting_table":2,"minecraft:decorated_pot":1,"minecraft:leather":12,"twilightforest:yeti_helmet":1,"minecraft:leather_helmet":1,"friendsandfoes:totem_of_illusion":1,"minecraft:dirt":199,"twilightforest:firefly":1,"mowziesmobs:umvuthana_mask_bliss":1,"minecraft:mutton":2,"farmersdelight:onion":8,"twilightforest:yeti_chestplate":1,"minecraft:sunflower":1,"minecraft:iron_pickaxe":1,"minecraft:bone":22,"minecraft:sugar_cane":48,"minecraft:iron_nugget":80,"minecraft:cobbled_deepslate":7,"cosasodsputouve:orbit_coins":2,"minecraft:rotten_flesh":30,"minecraft:oak_planks":17,"botania:black_mushroom":1,"minecraft:poppy":2,"farmersdelight:cutting_board":2,"supplementaries:ash":1,"minecraft:gunpowder":1,"botania:mana_gun":5,"artifacts:helium_flamingo":1,"minecraft:chest":1,"farmersdelight:rope":16,"minecraft:arrow":6,"twilightforest:nagastone_pillar":3,"minecraft:stone_hoe":6,"minecraft:bread":5,"minecraft:wheat_seeds":27,"mowziesmobs:grant_suns_blessing":3,"nethersdelight:iron_machete":1,"twilightforest:filled_magic_map":1,"minecraft:oak_fence":1,"minecraft:cobblestone":5,"twilightforest:canopy_log":3,"minecraft:golden_carrot":1,"minecraft:brown_wool":1,"minecraft:zombie_head":1,"sons_of_sins:heart":1,"minecraft:dead_bush":1,"minecraft:golden_hoe":1,"twilightforest:lamp_of_cinders":1,"minecraft:paper":22,"minecraft:string":22,"minecraft:bucket":3,"minecraft:dandelion":9,"alexsmobs:maggot":2,"friendsandfoes:totem_of_freezing":1,"minecraft:bowl":1,"minecraft:raw_iron":32,"minecraft:light_gray_wool":1,"minecraft:iron_boots":2,"minecraft:stripped_oak_log":48,"supplementaries:clock_block":2,"botania:mana_tablet":1,"minecraft:spruce_fence":1,"supplementaries:cage":1,"minecraft:filled_map":1,"minecraft:diamond_sword":2,"minecraft:flower_pot":1,"minecraft:allium":3,"minecraft:iron_chestplate":2,"botania:yellow_mushroom":1,"minecraft:golden_sword":1,"mowziesmobs:earthbore_gauntlet":1,"minecraft:bow":1,"minecraft:stone_pickaxe":11,"minecraft:bell":3,"twilightforest:yeti_boots":1,"botania:cosmetic_tiny_potato_mask":1},"minecraft:mined":{"minecraft:waxed_cut_copper_slab":2,"minecraft:white_bed":1,"minecraft:red_nether_bricks":3,"cosasodsputouve:cama":1,"botania:black_mushroom":1,"minecraft:grass_block":1477,"minecraft:oxeye_daisy":1,"twilightforest:nagastone_pillar":4,"minecraft:spawner":7,"minecraft:magma_block":9,"minecraft:dark_oak_trapdoor":1,"minecraft:cobbled_deepslate":6,"minecraft:fire":10,"minecraft:deepslate_lapis_ore":2,"minecraft:nether_brick_stairs":2,"minecraft:dirt_path":1,"minecraft:oak_stairs":1,"minecraft:iron_bars":1,"minecraft:stripped_mangrove_wood":2,"minecraft:player_head":2,"minecraft:blackstone":152,"twilightforest:spiral_bricks":1,"minecraft:blast_furnace":1,"minecraft:calcite":3,"minecraft:polished_andesite_stairs":1,"minecraft:dead_bush":1,"minecraft:cobblestone":12,"minecraft:cyan_bed":1,"minecraft:oak_planks":13,"minecraft:wall_torch":1,"minecraft:birch_trapdoor":1,"minecraft:smooth_stone_slab":2,"minecraft:grass":258,"minecraft:oak_log":14,"minecraft:dirt":819,"minecraft:sand":8,"twilightforest:canopy_log":7,"minecraft:netherrack":4,"minecraft:oak_leaves":1,"minecraft:deepslate":138,"minecraft:infested_deepslate":1,"twilightforest:firefly":1,"minecraft:mossy_cobblestone":2,"minecraft:deepslate_diamond_ore":48,"minecraft:purple_candle":1,"minecraft:dark_oak_fence":2,"minecraft:black_stained_glass_pane":3,"farmersdelight:wild_onions":2,"botania:purple_mushroom":1,"minecraft:suspicious_sand":2,"twilightforest:firefly_jar":1,"minecraft:deepslate_iron_ore":1,"minecraft:stripped_oak_log":24,"minecraft:stone":34,"minecraft:cake":1,"minecraft:smithing_table":1,"lootr:lootr_barrel":1,"minecraft:dandelion":8,"minecraft:crafting_table":6,"twilightforest:nagastone":1,"minecraft:tall_grass":83,"minecraft:deepslate_gold_ore":3,"minecraft:diorite":1,"minecraft:spruce_stairs":1,"supplementaries:urn":2,"minecraft:coarse_dirt":6,"minecraft:spruce_log":1,"twilightforest:cicada_jar":1,"minecraft:zombie_head":1,"minecraft:sunflower":5,"minecraft:gravel":222,"minecraft:cracked_stone_bricks":1,"minecraft:polished_andesite":2,"minecraft:stone_bricks":1,"minecraft:fern":2,"paraglider:goddess_statue":3,"minecraft:dark_oak_planks":4}},"DataVersion":3465}