{"stats":{"minecraft:custom":{"minecraft:time_since_rest":68527,"minecraft:sprint_one_cm":2610,"minecraft:damage_taken":320,"minecraft:walk_one_cm":131023,"minecraft:mob_kills":7,"minecraft:drop":15,"minecraft:damage_dealt":1074,"minecraft:player_kills":1,"minecraft:fly_one_cm":53664,"minecraft:crouch_one_cm":458,"minecraft:play_time":72436,"minecraft:deaths":1,"minecraft:sneak_time":633,"minecraft:damage_dealt_resisted":268,"minecraft:jump":73,"minecraft:walk_on_water_one_cm":1815,"minecraft:time_since_death":68485,"minecraft:climb_one_cm":4461,"minecraft:total_world_time":72436,"minecraft:fall_one_cm":2927},"minecraft:killed":{"minecraft:zombie":1,"alexsmobs:cockroach":3,"mowziesmobs:umvuthana_follower_raptor":1,"friendsandfoes:iceologer":1},"minecraft:picked_up":{"alexsmobs:maraca":2,"minecraft:copper_ingot":3,"nethersdelight:netherite_machete":1,"minecraft:diamond_sword":1,"alexsmobs:sombrero":1,"mowziesmobs:wrought_helmet":1,"minecraft:spider_eye":1,"minecraft:string":5,"securitycraft:sentry":2,"minecraft:bone":4,"minecraft:arrow":3,"mowziesmobs:umvuthana_mask_rage":1,"minecraft:wheat_seeds":10,"alexsmobs:cockroach_wing_fragment":2,"minecraft:emerald":1,"mowziesmobs:grant_suns_blessing":1,"friendsandfoes:totem_of_freezing":1},"minecraft:used":{"friendsandfoes:iceologer_spawn_egg":2,"minecraft:netherite_sword":3,"minecraft:water_bucket":6,"cfm:door_mat":4,"cfm:black_sofa":6,"cfm:black_kitchen_sink":1,"cfm:stripped_oak_coffee_table":2,"minecraft:grass_block":125,"friendsandfoes:crab_spawn_egg":1,"securitycraft:reinforced_cherry_log":2,"cfm:black_grill":1,"cfm:fridge_dark":1,"friendsandfoes:glare_spawn_egg":1,"cfm:stripped_dark_oak_upgraded_gate":1,"artifacts:eternal_steak":1,"lootr:trophy":5,"alexsmobs:spawn_egg_cockroach":4,"cfm:stripped_spruce_table":5,"cfm:stripped_spruce_park_bench":10,"cfm:stripped_spruce_chair":4,"cfm:rock_path":18,"securitycraft:sentry":12,"securitycraft:reinforced_glass_pane":4,"friendsandfoes:copper_golem_spawn_egg":1,"cfm:stripped_spruce_upgraded_fence":84,"minecraft:diamond_sword":5,"minecraft:dirt":4,"alexsmobs:maraca":5,"cfm:stripped_spruce_upgraded_gate":3,"cfm:stripped_birch_blinds":8,"cfm:oak_hedge":4,"securitycraft:reinforced_stripped_cherry_wood":31,"minecraft:spruce_stairs":4,"alexsmobs:animal_dictionary":1,"securitycraft:reinforced_ladder":50,"cfm:black_kitchen_counter":4,"minecraft:stripped_cherry_wood":16,"cfm:dark_oak_hedge":4,"securitycraft:reinforced_stripped_spruce_log":48},"minecraft:dropped":{"minecraft:diamond_sword":1,"cfm:stripped_spruce_park_bench":1,"alexsmobs:cockroach_wing_fragment":2,"minecraft:wheat_seeds":10,"alexsmobs:animal_dictionary":1,"mowziesmobs:grant_suns_blessing":2,"cfm:dark_oak_hedge":1,"minecraft:spider_eye":1,"minecraft:arrow":2,"cfm:stripped_spruce_table":1,"nethersdelight:netherite_machete":1,"minecraft:spruce_stairs":1,"minecraft:string":5,"patchouli:guide_book":1},"minecraft:killed_by":{"minecraft:player":1}},"DataVersion":3465}