{"stats":{"minecraft:custom":{"minecraft:time_since_rest":32527,"minecraft:sprint_one_cm":1603,"minecraft:crouch_one_cm":141,"minecraft:play_time":36436,"minecraft:walk_one_cm":54809,"minecraft:damage_taken":240,"minecraft:deaths":1,"minecraft:sneak_time":186,"minecraft:jump":31,"minecraft:time_since_death":32485,"minecraft:total_world_time":36436,"minecraft:climb_one_cm":1315,"minecraft:fall_one_cm":2508,"minecraft:fly_one_cm":33301},"minecraft:picked_up":{"securitycraft:sentry":1,"minecraft:arrow":3,"minecraft:bone":4,"minecraft:wheat_seeds":9,"minecraft:string":2},"minecraft:used":{"minecraft:water_bucket":6,"cfm:stripped_spruce_upgraded_fence":84,"cfm:door_mat":4,"securitycraft:sentry":6,"securitycraft:reinforced_glass_pane":4,"cfm:black_sofa":6,"cfm:stripped_spruce_upgraded_gate":3,"cfm:stripped_birch_blinds":8,"cfm:black_kitchen_sink":1,"cfm:stripped_oak_coffee_table":2,"minecraft:grass_block":114,"minecraft:spruce_stairs":3,"securitycraft:reinforced_stripped_cherry_wood":31,"cfm:black_grill":1,"cfm:fridge_dark":1,"securitycraft:reinforced_cherry_log":2,"securitycraft:reinforced_ladder":50,"cfm:stripped_dark_oak_upgraded_gate":1,"cfm:black_kitchen_counter":4,"minecraft:stripped_cherry_wood":16,"lootr:trophy":5,"securitycraft:reinforced_stripped_spruce_log":48,"cfm:stripped_spruce_table":5,"cfm:stripped_spruce_park_bench":10,"cfm:stripped_spruce_chair":4},"minecraft:killed_by":{"minecraft:player":1}},"DataVersion":3465}