{"stats":{"minecraft:custom":{"minecraft:time_since_rest":20527,"minecraft:play_time":24436,"minecraft:walk_one_cm":13737,"minecraft:damage_taken":240,"minecraft:deaths":1,"minecraft:sneak_time":150,"minecraft:jump":9,"minecraft:time_since_death":20485,"minecraft:total_world_time":24436,"minecraft:climb_one_cm":1315,"minecraft:fall_one_cm":2508,"minecraft:fly_one_cm":16373},"minecraft:used":{"securitycraft:sentry":3,"securitycraft:reinforced_glass_pane":4,"cfm:black_sofa":6,"cfm:stripped_birch_blinds":8,"cfm:black_kitchen_sink":1,"cfm:stripped_oak_coffee_table":2,"minecraft:spruce_stairs":3,"securitycraft:reinforced_stripped_cherry_wood":31,"cfm:fridge_dark":1,"securitycraft:reinforced_cherry_log":2,"securitycraft:reinforced_ladder":50,"cfm:black_kitchen_counter":4,"minecraft:stripped_cherry_wood":16,"lootr:trophy":5,"securitycraft:reinforced_stripped_spruce_log":41,"cfm:stripped_spruce_table":5,"cfm:stripped_spruce_chair":4},"minecraft:killed_by":{"minecraft:player":1}},"DataVersion":3465}