{"stats":{"minecraft:custom":{"minecraft:mob_kills":8,"minecraft:damage_dealt_resisted":268,"minecraft:leave_game":1,"minecraft:time_since_death":91890,"minecraft:climb_one_cm":5609,"minecraft:time_since_rest":91932,"minecraft:sprint_one_cm":9688,"minecraft:damage_taken":1480,"minecraft:walk_one_cm":219388,"minecraft:drop":19,"minecraft:damage_dealt":1080,"minecraft:fly_one_cm":56993,"minecraft:player_kills":3,"minecraft:crouch_one_cm":5783,"minecraft:play_time":95841,"minecraft:deaths":1,"minecraft:sneak_time":3026,"minecraft:jump":156,"minecraft:walk_on_water_one_cm":1815,"minecraft:total_world_time":95841,"minecraft:fall_one_cm":3519},"minecraft:killed":{"mowziesmobs:umvuthana_follower_raptor":1,"minecraft:zombie":1,"alexsmobs:cockroach":3,"friendsandfoes:iceologer":1},"minecraft:picked_up":{"botania:mana_gun":2,"alexsmobs:maraca":2,"minecraft:diamond_sword":1,"botania:cosmetic_tiny_potato_mask":1,"botania:mana_tablet":2,"minecraft:string":5,"securitycraft:sentry":2,"minecraft:bone":5,"mowziesmobs:umvuthana_mask_rage":1,"minecraft:wheat_seeds":10,"alexsmobs:cockroach_wing_fragment":2,"friendsandfoes:totem_of_freezing":1,"minecraft:copper_ingot":3,"alexsmobs:sombrero":1,"nethersdelight:netherite_machete":1,"mowziesmobs:wrought_helmet":1,"minecraft:spider_eye":1,"minecraft:arrow":3,"minecraft:emerald":1,"mowziesmobs:grant_suns_blessing":1},"minecraft:mined":{"botania:magenta_shiny_flower":1,"botania:purple_mystical_flower":1},"minecraft:dropped":{"minecraft:wheat_seeds":10,"alexsmobs:animal_dictionary":1,"mowziesmobs:grant_suns_blessing":2,"cfm:dark_oak_hedge":1,"cfm:stripped_spruce_table":1,"botania:mana_tablet":2,"minecraft:spruce_stairs":1,"patchouli:guide_book":1,"minecraft:diamond_sword":1,"cfm:stripped_spruce_park_bench":1,"botania:mana_gun":2,"alexsmobs:cockroach_wing_fragment":2,"minecraft:spider_eye":1,"minecraft:arrow":2,"nethersdelight:netherite_machete":1,"minecraft:string":5},"minecraft:used":{"friendsandfoes:iceologer_spawn_egg":2,"minecraft:water_bucket":6,"minecraft:netherite_sword":3,"cfm:black_kitchen_sink":1,"twilightforest:dark_leaves":1,"securitycraft:reinforced_cherry_log":2,"cfm:black_grill":1,"friendsandfoes:crab_spawn_egg":1,"friendsandfoes:glare_spawn_egg":1,"artifacts:eternal_steak":13,"lootr:trophy":5,"alexsmobs:spawn_egg_cockroach":4,"cfm:stripped_spruce_table":5,"cfm:stripped_spruce_chair":4,"botania:teru_teru_bozu":1,"cfm:rock_path":18,"securitycraft:reinforced_glass_pane":4,"botania:avatar":1,"minecraft:dirt":4,"alexsmobs:maraca":5,"cfm:stripped_birch_blinds":8,"cfm:oak_hedge":4,"minecraft:spruce_stairs":4,"securitycraft:reinforced_ladder":50,"minecraft:stripped_cherry_wood":16,"securitycraft:reinforced_stripped_spruce_log":48,"cfm:door_mat":4,"cfm:black_sofa":6,"friendsandfoes:totem_of_illusion":1,"cfm:stripped_oak_coffee_table":2,"minecraft:grass_block":127,"cfm:fridge_dark":1,"cfm:stripped_dark_oak_upgraded_gate":1,"cfm:stripped_spruce_park_bench":10,"friendsandfoes:totem_of_freezing":1,"securitycraft:sentry":12,"friendsandfoes:copper_golem_spawn_egg":1,"cfm:stripped_spruce_upgraded_fence":84,"minecraft:diamond_sword":5,"cfm:stripped_spruce_upgraded_gate":3,"securitycraft:reinforced_stripped_cherry_wood":31,"alexsmobs:animal_dictionary":1,"cfm:black_kitchen_counter":4,"cfm:dark_oak_hedge":4},"minecraft:killed_by":{"minecraft:player":1}},"DataVersion":3465}