{"stats":{"minecraft:custom":{"minecraft:time_since_rest":56527,"minecraft:sprint_one_cm":2113,"minecraft:damage_taken":263,"minecraft:walk_one_cm":104659,"minecraft:mob_kills":4,"minecraft:drop":3,"minecraft:damage_dealt":734,"minecraft:player_kills":1,"minecraft:fly_one_cm":50328,"minecraft:crouch_one_cm":150,"minecraft:play_time":60436,"minecraft:deaths":1,"minecraft:sneak_time":302,"minecraft:jump":59,"minecraft:walk_on_water_one_cm":1815,"minecraft:time_since_death":56485,"minecraft:climb_one_cm":3556,"minecraft:total_world_time":60436,"minecraft:fall_one_cm":2716},"minecraft:killed":{"alexsmobs:cockroach":2,"friendsandfoes:iceologer":1},"minecraft:picked_up":{"alexsmobs:maraca":1,"minecraft:copper_ingot":3,"minecraft:diamond_sword":1,"alexsmobs:sombrero":1,"minecraft:spider_eye":1,"minecraft:string":5,"securitycraft:sentry":1,"minecraft:bone":4,"minecraft:arrow":3,"minecraft:wheat_seeds":10,"alexsmobs:cockroach_wing_fragment":2,"minecraft:emerald":1,"friendsandfoes:totem_of_freezing":1},"minecraft:used":{"friendsandfoes:iceologer_spawn_egg":2,"minecraft:netherite_sword":3,"minecraft:water_bucket":6,"cfm:door_mat":4,"cfm:black_sofa":6,"cfm:black_kitchen_sink":1,"cfm:stripped_oak_coffee_table":2,"minecraft:grass_block":119,"friendsandfoes:crab_spawn_egg":1,"securitycraft:reinforced_cherry_log":2,"cfm:black_grill":1,"cfm:fridge_dark":1,"friendsandfoes:glare_spawn_egg":1,"cfm:stripped_dark_oak_upgraded_gate":1,"lootr:trophy":5,"alexsmobs:spawn_egg_cockroach":4,"cfm:stripped_spruce_table":5,"cfm:stripped_spruce_park_bench":10,"cfm:stripped_spruce_chair":4,"cfm:rock_path":18,"securitycraft:sentry":10,"securitycraft:reinforced_glass_pane":4,"friendsandfoes:copper_golem_spawn_egg":1,"cfm:stripped_spruce_upgraded_fence":84,"minecraft:diamond_sword":2,"alexsmobs:maraca":5,"cfm:stripped_spruce_upgraded_gate":3,"cfm:stripped_birch_blinds":8,"cfm:oak_hedge":4,"securitycraft:reinforced_stripped_cherry_wood":31,"minecraft:spruce_stairs":4,"alexsmobs:animal_dictionary":1,"securitycraft:reinforced_ladder":50,"cfm:black_kitchen_counter":4,"minecraft:stripped_cherry_wood":16,"cfm:dark_oak_hedge":4,"securitycraft:reinforced_stripped_spruce_log":48},"minecraft:dropped":{"minecraft:diamond_sword":1,"alexsmobs:animal_dictionary":1,"patchouli:guide_book":1},"minecraft:killed_by":{"minecraft:player":1}},"DataVersion":3465}