{"stats":{"minecraft:killed":{"call_of_yucutan:golden_guard":1,"alexsmobs:hummingbird":1,"friendsandfoes:tuff_golem":1,"minecraft:spider":8,"alexsmobs:murmur":1,"mowziesmobs:frostmaw":1,"creeperoverhaul:bamboo_creeper":1,"minecraft:skeleton":11,"minecraft:bee":1,"minecraft:chicken":3,"alexsmobs:triops":1,"artifacts:mimic":1,"minecraft:pig":1,"alexsmobs:grizzly_bear":1,"minecraft:salmon":1,"alexsmobs:seal":1,"minecraft:iron_golem":1,"minecraft:creeper":5,"minecraft:sheep":5,"minecraft:zombie":26,"alexsmobs:fly":7,"just_in_ocean:mussel":2,"minecraft:cow":7,"twilightforest:winter_wolf":1,"alexsmobs:tasmanian_devil":2,"minecraft:horse":2,"alexsmobs:blue_jay":1,"friendsandfoes:mauler":1,"minecraft:drowned":1,"alexsmobs:bison":7,"twilightforest:tiny_bird":3,"alexsmobs:skreecher":1,"friendsandfoes:iceologer":1,"minecraft:husk":4,"twilightforest:kobold":1,"minecraft:squid":2,"alexsmobs:gazelle":8,"alexsmobs:crow":2,"minecraft:villager":1,"twilightforest:yeti":1,"minecraft:enderman":1},"minecraft:dropped":{"minecraft:moss_block":1,"minecraft:iron_sword":1,"minecraft:stripped_mangrove_wood":2,"minecraft:diamond":2,"mowziesmobs:ice_crystal":1,"minecraft:chest_minecart":1,"alexsmobs:bison_fur":4,"minecraft:emerald":13,"minecraft:gold_block":2,"artifacts:superstitious_hat":3,"minecraft:mutton":1,"minecraft:dark_oak_trapdoor":2,"minecraft:iron_pickaxe":1,"botania:white_mystical_flower":3,"minecraft:gold_ingot":31,"minecraft:sugar_cane":4,"alexsmobs:gazelle_horn":2,"cosasodsputouve:orbit_coins":1,"minecraft:yellow_wool":4,"minecraft:rotten_flesh":2,"botania:purple_mystical_flower":1,"artifacts:villager_hat":1,"minecraft:poppy":1,"supplementaries:flax_seeds":4,"supplementaries:ash":3,"minecraft:gunpowder":1,"artifacts:helium_flamingo":1,"mowziesmobs:earth_talisman":1,"minecraft:red_nether_bricks":1,"minecraft:written_book":1,"minecraft:black_dye":1,"minecraft:wheat_seeds":5,"friendsandfoes:crab_claw":1,"botania:yellow_petal":13,"minecraft:cobblestone":9,"minecraft:stick":1,"minecraft:pufferfish":1,"minecraft:brewing_stand":1,"minecraft:brown_wool":10,"minecraft:potion":1,"minecraft:iron_axe":1,"minecraft:string":4,"botania:gray_double_flower":1,"supplementaries:gold_door":1,"supplementaries:key":1,"minecraft:light_gray_wool":7,"weaponmaster:wm_broadswordlarge":1,"minecraft:spruce_fence":1,"minecraft:spruce_planks":3,"artifacts:onion_ring":1,"weaponmaster:wm_rapierlarge":6,"alexsmobs:mosquito_larva":2},"minecraft:killed_by":{"minecraft:player":5,"just_in_ocean:sharkdrake":1,"minecraft:skeleton":1},"minecraft:broken":{"minecraft:iron_boots":1,"minecraft:iron_pickaxe":1,"minecraft:iron_helmet":1},"minecraft:picked_up":{"minecraft:iron_chestplate":1,"minecraft:wheat":16,"minecraft:flower_pot":3,"minecraft:prismarine_shard":2,"minecraft:yellow_wool":4,"minecraft:lead":4,"weaponmaster:wm_rapierlarge":6,"minecraft:wither_rose":1,"minecraft:potion":3,"minecraft:brewing_stand":1,"supplementaries:candle_holder":1,"alexsmobs:gazelle_horn":2,"minecraft:polished_deepslate":1,"minecraft:music_disc_cat":4,"paraglider:goddess_statue":1,"minecraft:string":22,"minecraft:dark_oak_trapdoor":3,"minecraft:soul_soil":1,"minecraft:red_nether_bricks":1,"minecraft:pufferfish":1,"supplementaries:hourglass":1,"minecraft:cobbled_deepslate":1,"farmersdelight:cabbage":1,"minecraft:spruce_planks":8,"minecraft:white_tulip":1,"minecraft:rose_bush":1,"minecraft:written_book":1,"minecraft:iron_pickaxe":2,"minecraft:enchanted_golden_apple":2,"farmersdelight:cabbage_seeds":6,"minecraft:iron_boots":1,"minecraft:stick":1,"minecraft:music_disc_blocks":1,"botania:yellow_petal":2,"minecraft:spruce_stairs":5,"paraglider:kakariko_goddess_statue":1,"minecraft:cherry_log":32,"botania:white_mystical_flower":3,"friendsandfoes:crab_claw":7,"minecraft:rotten_flesh":20,"botania:light_gray_mystical_flower":8,"artifacts:villager_hat":1,"supplementaries:ash":18,"botania:blue_double_flower":1,"minecraft:iron_bars":1,"minecraft:cobblestone":169,"paraglider:paraglider":1,"minecraft:birch_log":2,"minecraft:feather":6,"minecraft:andesite":2,"minecraft:brown_wool":11,"minecraft:potato":5,"alexsmobs:bear_fur":3,"alexsmobs:bison_fur":4,"paraglider:spirit_orb":2,"minecraft:tuff":6,"supplementaries:flax_seeds":4,"alexsmobs:mosquito_larva":2,"artifacts:pickaxe_heater":1,"minecraft:dirt":31,"minecraft:leather_boots":1,"minecraft:bone":9,"minecraft:bow":1,"minecraft:orange_tulip":1,"minecraft:wheat_seeds":83,"minecraft:raw_gold":5,"botania:purple_mystical_flower":4,"cfm:cyan_kitchen_drawer":1,"minecraft:bamboo":2,"minecraft:moss_block":1,"minecraft:oak_planks":36,"friendsandfoes:totem_of_freezing":1,"botania:red_mystical_flower":2,"botania:gray_double_flower":1,"cosasodsputouve:orbit_coins":1,"minecraft:sand":274,"minecraft:nether_brick_stairs":2,"minecraft:ink_sac":1,"minecraft:diamond":6,"minecraft:golden_apple":1,"minecraft:bread":2,"minecraft:emerald":7,"twilightforest:arctic_fur":2,"alexsmobs:maggot":9,"supplementaries:gold_door":2,"minecraft:allium":1,"minecraft:azure_bluet":1,"minecraft:chicken":2,"minecraft:chest_minecart":1,"minecraft:gold_block":5,"minecraft:red_bed":1,"minecraft:iron_axe":1,"minecraft:item_frame":4,"botania:magenta_mystical_flower":5,"minecraft:blackstone":1,"minecraft:blue_orchid":1,"farmersdelight:beef_patty":64,"minecraft:candle":1,"minecraft:beef":63,"alexsmobs:elastic_tendon":2,"minecraft:player_head":3,"minecraft:iron_nugget":24,"minecraft:poppy":3,"minecraft:spruce_slab":12,"minecraft:light_gray_wool":7,"minecraft:sugar_cane":104,"minecraft:cherry_button":2,"minecraft:egg":1,"cfm:cyan_kitchen_counter":4,"minecraft:raw_iron":41,"minecraft:stripped_mangrove_wood":2,"twilightforest:magic_painting":1,"minecraft:spruce_fence":1,"botania:purple_mushroom":2,"sophisticatedbackpacks:backpack":2,"botania:pink_mushroom":1,"supplementaries:key":2,"minecraft:carrot":12,"minecraft:prismarine_crystals":1,"minecraft:dark_oak_planks":1,"supplementaries:sign_post_oak":1,"weaponmaster:wm_broadswordlarge":1,"minecraft:arrow":8,"minecraft:beetroot_seeds":1,"supplementaries:sconce":1,"farmersdelight:hamburger":3,"mowziesmobs:ice_crystal":1,"minecraft:black_banner":2,"paraglider:horned_statue":1,"botania:green_mystical_flower":6,"minecraft:mutton":11,"botania:magenta_double_flower":1,"minecraft:white_wool":3,"minecraft:wet_sponge":1,"minecraft:stripped_oak_log":11,"minecraft:salmon":1,"minecraft:leather":11,"alexsmobs:skreecher_soul":1,"minecraft:birch_planks":2,"artifacts:onion_ring":1,"botania:green_double_flower":1,"minecraft:oak_log":13,"artifacts:superstitious_hat":2,"minecraft:gunpowder":4,"botania:yellow_mushroom":1,"minecraft:iron_ingot":36,"minecraft:iron_ore":13,"weaponmaster:tutorialbook":1,"minecraft:iron_sword":1,"minecraft:flowering_azalea":1,"minecraft:pumpkin":3,"minecraft:red_wool":1,"minecraft:dandelion":5,"minecraft:red_banner":1,"minecraft:blast_furnace":2,"minecraft:white_bed":1,"minecraft:spider_eye":2,"supplementaries:clock_block":1,"artifacts:helium_flamingo":1,"minecraft:tide_armor_trim_smithing_template":1,"minecraft:painting":34,"minecraft:baked_potato":66,"minecraft:black_wool":1,"minecraft:ender_pearl":2},"minecraft:crafted":{"minecraft:black_dye":1,"minecraft:oak_planks":40,"minecraft:yellow_wool":3,"botania:purple_petal":4,"minecraft:diamond_shovel":1,"minecraft:cooked_mutton":5,"minecraft:glass":104,"minecraft:chest":6,"minecraft:cherry_fence":3,"minecraft:emerald":7,"minecraft:crafting_table":1,"minecraft:iron_helmet":1,"minecraft:birch_planks":8,"minecraft:purple_dye":4,"minecraft:yellow_dye":3,"minecraft:stick":168,"minecraft:iron_ingot":2,"minecraft:iron_pickaxe":1,"minecraft:gold_ingot":3,"minecraft:shears":1,"minecraft:cherry_planks":128,"minecraft:purple_wool":4,"cfm:purple_sofa":2,"minecraft:iron_axe":1,"paraglider:paraglider":1,"farmersdelight:hamburger":5,"minecraft:iron_sword":2,"minecraft:bread":4,"minecraft:air":0,"minecraft:oak_boat":1,"minecraft:iron_leggings":1},"minecraft:used":{"friendsandfoes:iceologer_spawn_egg":1,"call_of_yucutan:golden_guard_spawn_egg":1,"supplementaries:hourglass":2,"alexsmobs:spawn_egg_triops":1,"minecraft:spruce_slab":11,"minecraft:chest":6,"supplementaries:gold_door":1,"minecraft:iron_sword":540,"lootr:trophy":1,"minecraft:player_head":3,"minecraft:rotten_flesh":6,"minecraft:iron_chestplate":1,"paraglider:goddess_statue":2,"minecraft:mutton":2,"cfm:cyan_kitchen_counter":4,"mowziesmobs:frostmaw_spawn_egg":1,"minecraft:carrot":15,"minecraft:tuff":14,"farmersdelight:roast_chicken":3,"minecraft:glass":104,"twilightforest:kobold_spawn_egg":1,"minecraft:grass_block":11,"minecraft:iron_helmet":2,"minecraft:item_frame":4,"minecraft:bow":34,"minecraft:written_book":1,"minecraft:mangrove_roots":4,"minecraft:gold_block":3,"minecraft:egg":1,"farmersdelight:hamburger":2,"minecraft:light_blue_carpet":10,"botania:yellow_mushroom":1,"friendsandfoes:tuff_golem_spawn_egg":2,"weaponmaster:wm_rapierlarge":5,"minecraft:oak_planks":45,"minecraft:blackstone":1,"minecraft:sugar_cane":68,"minecraft:sand":72,"minecraft:blast_furnace":2,"minecraft:mushroom_stew":3,"supplementaries:candle_holder":1,"minecraft:black_banner":2,"weaponmaster:wm_broadswordlarge":59,"minecraft:sponge":4,"minecraft:shears":14,"botania:pink_mushroom":1,"minecraft:bread":13,"supplementaries:clock_block":1,"paraglider:kakariko_goddess_statue":1,"botania:purple_mushroom":2,"twilightforest:winter_wolf_spawn_egg":1,"minecraft:andesite":2,"friendsandfoes:rascal_spawn_egg":1,"minecraft:oak_boat":1,"friendsandfoes:mauler_spawn_egg":1,"minecraft:spruce_planks":4,"supplementaries:sconce":2,"twilightforest:tiny_bird_spawn_egg":14,"minecraft:torch":3,"minecraft:dirt":132,"minecraft:spruce_stairs":5,"farmersdelight:beef_patty":6,"paraglider:horned_statue":1,"alexsmobs:maggot":3,"minecraft:muddy_mangrove_roots":55,"minecraft:iron_axe":188,"minecraft:iron_boots":1,"minecraft:beef":1,"twilightforest:magic_painting":8,"nethersdelight:iron_machete":1,"minecraft:cobbled_deepslate":1,"minecraft:enchanted_golden_apple":18,"minecraft:pumpkin":3,"minecraft:cherry_fence":14,"cfm:purple_sofa":2,"minecraft:iron_leggings":1,"minecraft:cooked_mutton":5,"minecraft:water_bucket":130,"minecraft:light_blue_shulker_box":7,"minecraft:snow_block":254,"minecraft:birch_planks":7,"minecraft:baked_potato":12,"cfm:cyan_kitchen_drawer":1,"creeperoverhaul:bamboo_creeper_spawn_egg":2,"minecraft:salmon":1,"alexsmobs:spawn_egg_skreecher":1,"minecraft:music_disc_cat":4,"minecraft:crafting_table":1,"minecraft:spider_eye":1,"minecraft:white_bed":1,"minecraft:painting":40,"minecraft:cake":3,"twilightforest:yeti_spawn_egg":1,"mowziesmobs:wrought_axe":26,"minecraft:flower_pot":1,"alexsmobs:spawn_egg_murmur":1,"minecraft:apple":18,"supplementaries:cage":2,"minecraft:diamond_shovel":42,"minecraft:stripped_jungle_log":1,"minecraft:chicken":1,"minecraft:iron_pickaxe":275,"friendsandfoes:crab_egg":2,"minecraft:music_disc_blocks":1,"just_in_ocean:mussel_spawn_egg":1,"minecraft:cobblestone":138,"minecraft:potion":1,"minecraft:red_banner":1,"minecraft:bucket":12,"alexsmobs:animal_dictionary":2,"minecraft:stripped_oak_log":12,"minecraft:jukebox":2},"minecraft:mined":{"minecraft:dark_oak_planks":2,"minecraft:spruce_planks":2,"supplementaries:candle_holder":1,"botania:red_mystical_flower":2,"minecraft:cherry_log":33,"minecraft:red_nether_bricks":5,"minecraft:cave_vines_plant":1,"minecraft:grass_block":6,"minecraft:brown_wool":10,"botania:light_gray_mystical_flower":8,"minecraft:spawner":1,"botania:purple_mystical_flower":3,"supplementaries:sign_post":1,"minecraft:iron_ore":7,"minecraft:fire":4,"minecraft:pumpkin":3,"minecraft:azure_bluet":1,"minecraft:iron_bars":1,"minecraft:blue_orchid":1,"minecraft:stripped_mangrove_wood":1,"minecraft:player_head":2,"minecraft:spruce_slab":12,"minecraft:tripwire":1,"botania:green_mystical_flower":6,"minecraft:red_bed":1,"minecraft:clay":2,"botania:green_double_flower":1,"minecraft:blast_furnace":2,"minecraft:polished_andesite_stairs":2,"minecraft:spruce_wall_sign":1,"minecraft:glass":8,"minecraft:cobblestone":22,"minecraft:oak_planks":6,"minecraft:sugar_cane":63,"botania:blue_double_flower":1,"farmersdelight:sandy_shrub":4,"supplementaries:hourglass":1,"minecraft:yellow_wool":4,"minecraft:birch_log":3,"paraglider:horned_statue":1,"minecraft:wheat":14,"minecraft:birch_trapdoor":1,"paraglider:kakariko_goddess_statue":1,"minecraft:light_gray_wool":7,"minecraft:potted_poppy":2,"minecraft:wither_rose":1,"supplementaries:gold_door":2,"minecraft:grass":222,"minecraft:oak_log":12,"minecraft:cherry_button":2,"botania:gray_double_flower":1,"minecraft:sand":36,"minecraft:dirt":10,"cfm:cyan_kitchen_counter":5,"botania:magenta_double_flower":1,"minecraft:deepslate":1,"supplementaries:clock_block":1,"minecraft:suspicious_gravel":1,"minecraft:tuff":3,"minecraft:dark_oak_leaves":1,"minecraft:deepslate_diamond_ore":6,"farmersdelight:wild_carrots":13,"botania:red_mushroom":1,"minecraft:potted_flowering_azalea_bush":1,"minecraft:glow_lichen":2,"minecraft:soul_campfire":1,"farmersdelight:wild_cabbages":10,"minecraft:spruce_leaves":1,"botania:purple_mushroom":2,"botania:magenta_mystical_flower":5,"minecraft:andesite":2,"minecraft:gold_block":5,"minecraft:polished_deepslate":1,"cfm:cyan_kitchen_drawer":1,"minecraft:deepslate_iron_ore":3,"minecraft:cobblestone_slab":1,"minecraft:lantern":1,"minecraft:stripped_oak_log":12,"botania:yellow_mushroom":1,"minecraft:stone":140,"minecraft:brown_stained_glass_pane":4,"botania:lime_mushroom":1,"minecraft:stripped_dark_oak_log":4,"minecraft:dandelion":4,"botania:yellow_buried_petals":2,"minecraft:rose_bush":1,"botania:pink_mushroom":1,"minecraft:campfire":3,"minecraft:tall_grass":97,"minecraft:deepslate_gold_ore":5,"supplementaries:urn":9,"minecraft:spruce_stairs":6,"farmersdelight:wild_beetroots":1,"minecraft:birch_planks":2,"minecraft:coarse_dirt":1,"minecraft:black_wall_banner":2,"minecraft:red_wall_banner":1,"botania:white_mystical_flower":3,"minecraft:cyan_carpet":9,"minecraft:cobweb":9,"minecraft:fern":2},"minecraft:custom":{"lootr:looted_stat":50,"minecraft:animals_bred":1,"minecraft:interact_with_crafting_table":28,"minecraft:open_shulker_box":4,"minecraft:eat_cake_slice":16,"minecraft:leave_game":23,"minecraft:time_since_death":162184,"minecraft:damage_resisted":824,"minecraft:sprint_one_cm":1132906,"minecraft:drop":118,"minecraft:talked_to_villager":14,"minecraft:play_time":453837,"minecraft:deaths":13,"minecraft:jump":5772,"minecraft:interact_with_brewingstand":1,"minecraft:walk_on_water_one_cm":56112,"minecraft:interact_with_furnace":38,"minecraft:play_record":5,"minecraft:traded_with_villager":8,"minecraft:sleep_in_bed":10,"minecraft:damage_dealt":22313,"minecraft:player_kills":3,"minecraft:crouch_one_cm":5168,"minecraft:interact_with_smoker":1,"minecraft:interact_with_anvil":7,"minecraft:mob_kills":134,"minecraft:climb_one_cm":16388,"minecraft:walk_one_cm":971443,"minecraft:damage_dealt_absorbed":40,"minecraft:target_hit":1,"minecraft:sneak_time":3401,"minecraft:walk_under_water_one_cm":36616,"minecraft:boat_one_cm":36131,"minecraft:interact_with_blast_furnace":14,"minecraft:total_world_time":453837,"minecraft:pot_flower":1,"minecraft:time_since_rest":162213,"minecraft:damage_taken":8254,"minecraft:damage_absorbed":1888,"minecraft:swim_one_cm":92900,"minecraft:fly_one_cm":1484625,"minecraft:open_chest":144,"minecraft:fall_one_cm":126890}},"DataVersion":3465}