{"stats":{"minecraft:crafted":{"minecraft:oak_planks":4,"minecraft:emerald":2,"minecraft:iron_helmet":1,"minecraft:iron_ingot":2,"minecraft:iron_leggings":1},"minecraft:killed":{"minecraft:skeleton":1,"minecraft:zombie":1,"minecraft:salmon":1},"minecraft:used":{"botania:yellow_mushroom":1,"alexsmobs:maggot":2,"botania:pink_mushroom":1,"minecraft:iron_pickaxe":108,"minecraft:iron_helmet":1,"minecraft:blackstone":1,"botania:purple_mushroom":2,"minecraft:iron_boots":1,"minecraft:sugar_cane":12,"minecraft:rotten_flesh":2,"minecraft:salmon":1,"minecraft:iron_chestplate":1,"minecraft:dirt":129,"minecraft:cobblestone":59,"alexsmobs:animal_dictionary":2,"minecraft:iron_leggings":1},"minecraft:picked_up":{"minecraft:iron_chestplate":1,"minecraft:raw_iron":35,"minecraft:salmon":1,"botania:purple_mushroom":2,"minecraft:oak_log":1,"supplementaries:flax_seeds":4,"botania:pink_mushroom":1,"minecraft:dirt":1,"minecraft:string":13,"botania:yellow_mushroom":1,"minecraft:arrow":2,"minecraft:bone":3,"minecraft:blackstone":1,"minecraft:rotten_flesh":2,"minecraft:wheat_seeds":11,"minecraft:iron_ingot":32,"minecraft:emerald":5,"minecraft:iron_nugget":24,"minecraft:iron_pickaxe":2,"supplementaries:ash":12,"minecraft:sugar_cane":12,"minecraft:oak_planks":2,"minecraft:cobblestone":75,"minecraft:iron_boots":1},"minecraft:custom":{"minecraft:time_since_rest":6264,"minecraft:sprint_one_cm":92004,"minecraft:damage_taken":1748,"minecraft:walk_one_cm":107204,"minecraft:mob_kills":3,"minecraft:drop":1,"minecraft:damage_dealt":702,"minecraft:traded_with_villager":2,"minecraft:swim_one_cm":12739,"minecraft:talked_to_villager":6,"minecraft:interact_with_crafting_table":2,"minecraft:fly_one_cm":203918,"minecraft:open_chest":11,"minecraft:crouch_one_cm":257,"minecraft:play_time":42406,"minecraft:deaths":5,"minecraft:sneak_time":210,"minecraft:walk_under_water_one_cm":3381,"minecraft:boat_one_cm":2565,"minecraft:jump":724,"minecraft:leave_game":5,"minecraft:time_since_death":6240,"minecraft:walk_on_water_one_cm":2039,"minecraft:total_world_time":42406,"minecraft:fall_one_cm":25609},"minecraft:dropped":{"minecraft:iron_pickaxe":1},"minecraft:killed_by":{"minecraft:player":1,"minecraft:skeleton":1},"minecraft:mined":{"supplementaries:urn":6,"botania:purple_mushroom":2,"minecraft:iron_ore":3,"botania:red_mushroom":1,"botania:lime_mushroom":1,"minecraft:grass":46,"minecraft:oak_log":1,"botania:pink_mushroom":1,"minecraft:dirt":2,"botania:yellow_mushroom":1,"minecraft:tall_grass":15,"minecraft:sugar_cane":5,"minecraft:stone":71,"minecraft:oak_planks":2}},"DataVersion":3465}