{"stats":{"minecraft:picked_up":{"minecraft:iron_chestplate":1,"minecraft:wheat":14,"minecraft:flower_pot":3,"minecraft:yellow_wool":4,"minecraft:lead":4,"minecraft:wither_rose":1,"minecraft:potion":3,"minecraft:brewing_stand":1,"supplementaries:candle_holder":1,"minecraft:polished_deepslate":1,"minecraft:music_disc_cat":4,"paraglider:goddess_statue":1,"minecraft:string":22,"minecraft:dark_oak_trapdoor":3,"minecraft:soul_soil":1,"minecraft:red_nether_bricks":1,"minecraft:pufferfish":1,"farmersdelight:cabbage":1,"minecraft:spruce_planks":8,"minecraft:rose_bush":1,"minecraft:written_book":1,"minecraft:iron_pickaxe":2,"minecraft:enchanted_golden_apple":1,"farmersdelight:cabbage_seeds":6,"minecraft:iron_boots":1,"minecraft:stick":1,"minecraft:music_disc_blocks":1,"botania:yellow_petal":2,"minecraft:spruce_stairs":5,"paraglider:kakariko_goddess_statue":1,"minecraft:cherry_log":32,"botania:white_mystical_flower":3,"friendsandfoes:crab_claw":7,"minecraft:rotten_flesh":18,"botania:light_gray_mystical_flower":8,"artifacts:villager_hat":1,"supplementaries:ash":15,"botania:blue_double_flower":1,"minecraft:iron_bars":1,"minecraft:cobblestone":158,"paraglider:paraglider":1,"minecraft:birch_log":2,"minecraft:feather":2,"minecraft:brown_wool":11,"minecraft:potato":5,"alexsmobs:bear_fur":3,"paraglider:spirit_orb":2,"minecraft:tuff":3,"supplementaries:flax_seeds":4,"alexsmobs:mosquito_larva":2,"minecraft:dirt":30,"minecraft:leather_boots":1,"minecraft:bone":9,"minecraft:bow":1,"minecraft:wheat_seeds":75,"botania:purple_mystical_flower":4,"cfm:cyan_kitchen_drawer":1,"minecraft:bamboo":2,"minecraft:oak_planks":36,"friendsandfoes:totem_of_freezing":1,"botania:red_mystical_flower":2,"botania:gray_double_flower":1,"cosasodsputouve:orbit_coins":1,"minecraft:sand":271,"minecraft:nether_brick_stairs":2,"minecraft:ink_sac":1,"minecraft:golden_apple":1,"minecraft:bread":2,"minecraft:emerald":7,"alexsmobs:maggot":6,"supplementaries:gold_door":2,"minecraft:allium":1,"minecraft:azure_bluet":1,"minecraft:chicken":2,"minecraft:chest_minecart":1,"minecraft:gold_block":5,"minecraft:red_bed":1,"minecraft:iron_axe":1,"minecraft:item_frame":4,"botania:magenta_mystical_flower":5,"minecraft:blackstone":1,"minecraft:blue_orchid":1,"farmersdelight:beef_patty":64,"minecraft:beef":4,"alexsmobs:elastic_tendon":2,"minecraft:player_head":3,"minecraft:iron_nugget":24,"minecraft:poppy":3,"minecraft:spruce_slab":12,"minecraft:light_gray_wool":7,"minecraft:sugar_cane":104,"minecraft:cherry_button":2,"minecraft:egg":1,"cfm:cyan_kitchen_counter":4,"minecraft:raw_iron":39,"minecraft:stripped_mangrove_wood":2,"minecraft:spruce_fence":1,"botania:purple_mushroom":2,"sophisticatedbackpacks:backpack":2,"botania:pink_mushroom":1,"supplementaries:key":2,"minecraft:carrot":12,"minecraft:dark_oak_planks":1,"supplementaries:sign_post_oak":1,"minecraft:arrow":7,"minecraft:beetroot_seeds":1,"farmersdelight:hamburger":3,"minecraft:black_banner":2,"paraglider:horned_statue":1,"minecraft:mutton":7,"botania:green_mystical_flower":6,"botania:magenta_double_flower":1,"minecraft:white_wool":2,"minecraft:stripped_oak_log":11,"minecraft:salmon":1,"minecraft:leather":3,"alexsmobs:skreecher_soul":1,"minecraft:birch_planks":2,"artifacts:onion_ring":1,"botania:green_double_flower":1,"minecraft:oak_log":12,"artifacts:superstitious_hat":2,"minecraft:gunpowder":4,"botania:yellow_mushroom":1,"minecraft:iron_ingot":36,"minecraft:iron_ore":13,"minecraft:iron_sword":1,"minecraft:flowering_azalea":1,"minecraft:pumpkin":3,"minecraft:red_wool":1,"minecraft:dandelion":4,"minecraft:red_banner":1,"minecraft:blast_furnace":2,"minecraft:white_bed":1,"minecraft:spider_eye":2,"supplementaries:clock_block":1,"artifacts:helium_flamingo":1,"minecraft:painting":34,"minecraft:baked_potato":65,"minecraft:black_wool":1,"minecraft:ender_pearl":2},"minecraft:crafted":{"minecraft:black_dye":1,"minecraft:oak_planks":36,"minecraft:yellow_wool":3,"botania:purple_petal":4,"minecraft:diamond_shovel":1,"minecraft:cooked_mutton":5,"minecraft:glass":104,"minecraft:chest":6,"minecraft:cherry_fence":3,"minecraft:emerald":7,"minecraft:crafting_table":1,"minecraft:iron_helmet":1,"minecraft:birch_planks":8,"minecraft:purple_dye":4,"minecraft:yellow_dye":3,"minecraft:stick":168,"minecraft:iron_ingot":2,"minecraft:iron_pickaxe":1,"minecraft:gold_ingot":3,"minecraft:shears":1,"minecraft:cherry_planks":128,"minecraft:purple_wool":4,"cfm:purple_sofa":2,"minecraft:iron_axe":1,"paraglider:paraglider":1,"farmersdelight:hamburger":5,"minecraft:iron_sword":2,"minecraft:bread":4,"minecraft:air":0,"minecraft:oak_boat":1,"minecraft:iron_leggings":1},"minecraft:mined":{"minecraft:dark_oak_planks":2,"minecraft:spruce_planks":2,"supplementaries:candle_holder":1,"botania:red_mystical_flower":2,"minecraft:cherry_log":33,"minecraft:red_nether_bricks":5,"minecraft:cave_vines_plant":1,"minecraft:grass_block":5,"minecraft:brown_wool":10,"botania:light_gray_mystical_flower":8,"minecraft:spawner":1,"botania:purple_mystical_flower":3,"supplementaries:sign_post":1,"minecraft:iron_ore":7,"minecraft:fire":2,"minecraft:pumpkin":3,"minecraft:azure_bluet":1,"minecraft:iron_bars":1,"minecraft:stripped_mangrove_wood":1,"minecraft:blue_orchid":1,"minecraft:player_head":2,"minecraft:spruce_slab":12,"minecraft:tripwire":1,"botania:green_mystical_flower":6,"minecraft:red_bed":1,"minecraft:clay":2,"botania:green_double_flower":1,"minecraft:blast_furnace":2,"minecraft:polished_andesite_stairs":2,"minecraft:spruce_wall_sign":1,"minecraft:glass":8,"minecraft:cobblestone":21,"minecraft:sugar_cane":63,"minecraft:oak_planks":6,"botania:blue_double_flower":1,"farmersdelight:sandy_shrub":4,"minecraft:yellow_wool":4,"minecraft:birch_log":3,"paraglider:horned_statue":1,"minecraft:wheat":14,"minecraft:birch_trapdoor":1,"paraglider:kakariko_goddess_statue":1,"minecraft:light_gray_wool":7,"minecraft:potted_poppy":2,"minecraft:wither_rose":1,"supplementaries:gold_door":2,"minecraft:grass":174,"minecraft:oak_log":12,"minecraft:cherry_button":2,"botania:gray_double_flower":1,"minecraft:sand":34,"minecraft:dirt":10,"cfm:cyan_kitchen_counter":5,"botania:magenta_double_flower":1,"supplementaries:clock_block":1,"farmersdelight:wild_carrots":13,"botania:red_mushroom":1,"minecraft:potted_flowering_azalea_bush":1,"minecraft:glow_lichen":2,"minecraft:soul_campfire":1,"farmersdelight:wild_cabbages":10,"minecraft:spruce_leaves":1,"botania:purple_mushroom":2,"botania:magenta_mystical_flower":5,"minecraft:gold_block":5,"minecraft:polished_deepslate":1,"cfm:cyan_kitchen_drawer":1,"minecraft:cobblestone_slab":1,"minecraft:lantern":1,"minecraft:stripped_oak_log":12,"botania:yellow_mushroom":1,"minecraft:stone":131,"minecraft:brown_stained_glass_pane":4,"botania:lime_mushroom":1,"minecraft:stripped_dark_oak_log":4,"minecraft:dandelion":4,"botania:yellow_buried_petals":2,"minecraft:rose_bush":1,"botania:pink_mushroom":1,"minecraft:campfire":3,"minecraft:tall_grass":64,"supplementaries:urn":7,"minecraft:spruce_stairs":6,"farmersdelight:wild_beetroots":1,"minecraft:birch_planks":2,"minecraft:coarse_dirt":1,"minecraft:black_wall_banner":2,"minecraft:red_wall_banner":1,"botania:white_mystical_flower":3,"minecraft:cyan_carpet":9,"minecraft:cobweb":9,"minecraft:fern":2},"minecraft:killed_by":{"minecraft:player":5,"just_in_ocean:sharkdrake":1,"minecraft:skeleton":1},"minecraft:custom":{"lootr:looted_stat":49,"minecraft:animals_bred":1,"minecraft:interact_with_crafting_table":28,"minecraft:eat_cake_slice":10,"minecraft:leave_game":20,"minecraft:time_since_death":49706,"minecraft:damage_resisted":20,"minecraft:sprint_one_cm":948932,"minecraft:drop":87,"minecraft:talked_to_villager":14,"minecraft:play_time":341359,"minecraft:deaths":13,"minecraft:jump":4500,"minecraft:interact_with_brewingstand":1,"minecraft:walk_on_water_one_cm":37501,"minecraft:interact_with_furnace":32,"minecraft:play_record":5,"minecraft:traded_with_villager":8,"minecraft:sleep_in_bed":10,"minecraft:damage_dealt":15636,"minecraft:player_kills":3,"minecraft:crouch_one_cm":4189,"minecraft:interact_with_anvil":6,"minecraft:mob_kills":76,"minecraft:climb_one_cm":16009,"minecraft:walk_one_cm":726558,"minecraft:damage_dealt_absorbed":40,"minecraft:target_hit":1,"minecraft:sneak_time":2398,"minecraft:walk_under_water_one_cm":17691,"minecraft:boat_one_cm":36131,"minecraft:interact_with_blast_furnace":14,"minecraft:total_world_time":341359,"minecraft:pot_flower":1,"minecraft:time_since_rest":49735,"minecraft:damage_taken":6290,"minecraft:swim_one_cm":67064,"minecraft:fly_one_cm":1118135,"minecraft:open_chest":136,"minecraft:fall_one_cm":100121},"minecraft:used":{"friendsandfoes:iceologer_spawn_egg":1,"alexsmobs:spawn_egg_triops":1,"minecraft:spruce_slab":11,"minecraft:chest":6,"supplementaries:gold_door":1,"minecraft:iron_sword":452,"lootr:trophy":1,"minecraft:player_head":3,"minecraft:rotten_flesh":6,"minecraft:iron_chestplate":1,"paraglider:goddess_statue":2,"minecraft:mutton":2,"cfm:cyan_kitchen_counter":4,"minecraft:carrot":15,"farmersdelight:roast_chicken":3,"minecraft:glass":104,"minecraft:iron_helmet":2,"minecraft:item_frame":4,"minecraft:bow":1,"minecraft:written_book":1,"minecraft:gold_block":3,"minecraft:egg":1,"farmersdelight:hamburger":2,"botania:yellow_mushroom":1,"friendsandfoes:tuff_golem_spawn_egg":2,"minecraft:oak_planks":38,"minecraft:blackstone":1,"minecraft:sugar_cane":68,"minecraft:sand":64,"minecraft:blast_furnace":2,"minecraft:mushroom_stew":3,"supplementaries:candle_holder":1,"minecraft:black_banner":2,"minecraft:shears":14,"botania:pink_mushroom":1,"minecraft:bread":13,"supplementaries:clock_block":1,"botania:purple_mushroom":2,"paraglider:kakariko_goddess_statue":1,"minecraft:oak_boat":1,"friendsandfoes:mauler_spawn_egg":1,"minecraft:spruce_planks":4,"minecraft:torch":3,"minecraft:dirt":131,"minecraft:spruce_stairs":5,"farmersdelight:beef_patty":6,"paraglider:horned_statue":1,"alexsmobs:maggot":3,"minecraft:iron_axe":186,"minecraft:iron_boots":1,"minecraft:beef":1,"nethersdelight:iron_machete":1,"minecraft:enchanted_golden_apple":1,"minecraft:cherry_fence":3,"minecraft:pumpkin":3,"cfm:purple_sofa":2,"minecraft:iron_leggings":1,"minecraft:cooked_mutton":5,"minecraft:birch_planks":7,"minecraft:baked_potato":3,"cfm:cyan_kitchen_drawer":1,"creeperoverhaul:bamboo_creeper_spawn_egg":2,"minecraft:salmon":1,"alexsmobs:spawn_egg_skreecher":1,"minecraft:music_disc_cat":4,"minecraft:crafting_table":1,"minecraft:spider_eye":1,"minecraft:white_bed":1,"minecraft:painting":37,"minecraft:cake":3,"alexsmobs:spawn_egg_murmur":1,"minecraft:flower_pot":1,"minecraft:apple":18,"minecraft:diamond_shovel":42,"minecraft:chicken":1,"minecraft:iron_pickaxe":238,"friendsandfoes:crab_egg":2,"minecraft:music_disc_blocks":1,"just_in_ocean:mussel_spawn_egg":1,"minecraft:cobblestone":128,"minecraft:potion":1,"minecraft:red_banner":1,"alexsmobs:animal_dictionary":2,"minecraft:stripped_oak_log":11,"minecraft:jukebox":2},"minecraft:killed":{"alexsmobs:hummingbird":1,"friendsandfoes:tuff_golem":1,"minecraft:spider":5,"alexsmobs:murmur":1,"creeperoverhaul:bamboo_creeper":1,"minecraft:skeleton":7,"minecraft:chicken":3,"alexsmobs:triops":1,"minecraft:pig":1,"alexsmobs:grizzly_bear":1,"minecraft:salmon":1,"alexsmobs:seal":1,"minecraft:iron_golem":1,"minecraft:creeper":4,"minecraft:sheep":4,"minecraft:zombie":17,"alexsmobs:fly":4,"just_in_ocean:mussel":1,"minecraft:cow":2,"alexsmobs:blue_jay":1,"minecraft:drowned":1,"alexsmobs:skreecher":1,"friendsandfoes:iceologer":1,"minecraft:husk":4,"minecraft:squid":2,"alexsmobs:gazelle":1,"alexsmobs:crow":1,"minecraft:villager":1,"minecraft:enderman":1},"minecraft:broken":{"minecraft:iron_boots":1,"minecraft:iron_pickaxe":1,"minecraft:iron_helmet":1},"minecraft:dropped":{"minecraft:iron_sword":1,"minecraft:stripped_mangrove_wood":2,"minecraft:diamond":2,"minecraft:chest_minecart":1,"minecraft:emerald":13,"minecraft:gold_block":2,"artifacts:superstitious_hat":3,"minecraft:dark_oak_trapdoor":2,"minecraft:iron_pickaxe":1,"botania:white_mystical_flower":3,"minecraft:gold_ingot":31,"minecraft:sugar_cane":4,"cosasodsputouve:orbit_coins":1,"minecraft:yellow_wool":4,"minecraft:rotten_flesh":2,"botania:purple_mystical_flower":1,"artifacts:villager_hat":1,"minecraft:poppy":1,"supplementaries:flax_seeds":4,"supplementaries:ash":3,"minecraft:gunpowder":1,"artifacts:helium_flamingo":1,"minecraft:red_nether_bricks":1,"minecraft:written_book":1,"minecraft:black_dye":1,"minecraft:wheat_seeds":5,"friendsandfoes:crab_claw":1,"minecraft:cobblestone":8,"minecraft:stick":1,"minecraft:pufferfish":1,"minecraft:brewing_stand":1,"minecraft:brown_wool":10,"minecraft:potion":1,"minecraft:iron_axe":1,"minecraft:string":4,"botania:gray_double_flower":1,"supplementaries:gold_door":1,"supplementaries:key":1,"minecraft:light_gray_wool":7,"minecraft:spruce_fence":1,"minecraft:spruce_planks":3,"artifacts:onion_ring":1,"alexsmobs:mosquito_larva":2}},"DataVersion":3465}