{"stats":{"minecraft:crafted":{"minecraft:purple_wool":4,"minecraft:oak_planks":20,"minecraft:yellow_wool":3,"minecraft:emerald":2,"botania:purple_petal":4,"minecraft:iron_helmet":1,"minecraft:iron_sword":1,"minecraft:cooked_mutton":5,"minecraft:air":0,"cfm:purple_sofa":2,"minecraft:purple_dye":4,"minecraft:yellow_dye":3,"minecraft:iron_axe":1,"minecraft:stick":8,"minecraft:iron_ingot":2,"minecraft:chest":2,"minecraft:iron_leggings":1},"minecraft:killed":{"minecraft:salmon":1,"minecraft:spider":1,"minecraft:sheep":4,"minecraft:skeleton":1,"minecraft:zombie":6,"minecraft:chicken":3},"minecraft:used":{"botania:yellow_mushroom":1,"minecraft:cooked_mutton":4,"minecraft:oak_planks":22,"minecraft:blackstone":1,"minecraft:chest":2,"minecraft:iron_sword":41,"minecraft:sugar_cane":12,"minecraft:rotten_flesh":6,"minecraft:iron_chestplate":1,"minecraft:salmon":1,"minecraft:dirt":129,"minecraft:mutton":2,"alexsmobs:maggot":2,"botania:pink_mushroom":1,"minecraft:iron_axe":24,"minecraft:chicken":1,"minecraft:iron_pickaxe":110,"supplementaries:clock_block":1,"botania:purple_mushroom":2,"minecraft:iron_helmet":2,"minecraft:iron_boots":1,"minecraft:cobblestone":62,"minecraft:egg":1,"alexsmobs:animal_dictionary":2,"cfm:purple_sofa":2,"minecraft:iron_leggings":1},"minecraft:picked_up":{"minecraft:iron_chestplate":1,"minecraft:feather":1,"minecraft:chicken":2,"minecraft:salmon":1,"minecraft:brown_wool":1,"artifacts:onion_ring":1,"minecraft:oak_log":8,"supplementaries:flax_seeds":4,"minecraft:string":13,"minecraft:dirt":1,"botania:yellow_mushroom":1,"minecraft:leather_boots":1,"minecraft:bone":3,"minecraft:blackstone":1,"minecraft:wheat_seeds":11,"botania:purple_mystical_flower":4,"minecraft:iron_ingot":32,"minecraft:iron_nugget":24,"minecraft:iron_pickaxe":2,"minecraft:sugar_cane":12,"minecraft:oak_planks":25,"minecraft:iron_boots":1,"minecraft:egg":1,"minecraft:stick":1,"minecraft:raw_iron":35,"botania:yellow_petal":2,"minecraft:dandelion":4,"botania:purple_mushroom":2,"sophisticatedbackpacks:backpack":1,"botania:pink_mushroom":1,"supplementaries:clock_block":1,"minecraft:arrow":2,"minecraft:rotten_flesh":9,"minecraft:emerald":5,"supplementaries:ash":12,"minecraft:black_wool":1,"botania:green_mystical_flower":2,"minecraft:mutton":7,"minecraft:white_wool":2,"minecraft:cobblestone":77},"minecraft:custom":{"lootr:looted_stat":3,"minecraft:interact_with_furnace":3,"minecraft:mob_kills":16,"minecraft:traded_with_villager":2,"minecraft:interact_with_crafting_table":10,"minecraft:leave_game":7,"minecraft:time_since_death":29683,"minecraft:sleep_in_bed":2,"minecraft:time_since_rest":3344,"minecraft:sprint_one_cm":154465,"minecraft:damage_taken":1921,"minecraft:walk_one_cm":157884,"minecraft:drop":4,"minecraft:damage_dealt":2579,"minecraft:swim_one_cm":12739,"minecraft:damage_dealt_absorbed":40,"minecraft:talked_to_villager":10,"minecraft:fly_one_cm":291303,"minecraft:open_chest":21,"minecraft:crouch_one_cm":324,"minecraft:play_time":65849,"minecraft:deaths":5,"minecraft:sneak_time":309,"minecraft:walk_under_water_one_cm":3381,"minecraft:boat_one_cm":2565,"minecraft:jump":1067,"minecraft:walk_on_water_one_cm":2039,"minecraft:total_world_time":65849,"minecraft:fall_one_cm":31998},"minecraft:dropped":{"botania:purple_mystical_flower":1,"minecraft:stick":1,"artifacts:onion_ring":1,"minecraft:iron_pickaxe":1},"minecraft:killed_by":{"minecraft:player":1,"minecraft:skeleton":1},"minecraft:mined":{"botania:green_mystical_flower":2,"botania:lime_mushroom":1,"botania:red_mushroom":1,"minecraft:dandelion":4,"botania:yellow_buried_petals":2,"botania:pink_mushroom":1,"minecraft:tall_grass":18,"minecraft:cobblestone":2,"minecraft:oak_planks":6,"minecraft:sugar_cane":5,"supplementaries:urn":6,"botania:purple_mushroom":2,"botania:purple_mystical_flower":3,"minecraft:iron_ore":3,"minecraft:grass":49,"minecraft:oak_log":8,"minecraft:dirt":2,"botania:yellow_mushroom":1,"minecraft:stone":71,"supplementaries:clock_block":1}},"DataVersion":3465}