{"stats":{"minecraft:crafted":{"minecraft:purple_wool":4,"minecraft:oak_planks":20,"minecraft:yellow_wool":3,"botania:purple_petal":4,"minecraft:cooked_mutton":5,"cfm:purple_sofa":2,"minecraft:iron_axe":1,"minecraft:chest":2,"paraglider:paraglider":1,"minecraft:emerald":2,"minecraft:iron_helmet":1,"minecraft:iron_sword":1,"minecraft:air":0,"minecraft:yellow_dye":3,"minecraft:purple_dye":4,"minecraft:stick":8,"minecraft:iron_ingot":2,"minecraft:iron_leggings":1},"minecraft:killed":{"alexsmobs:hummingbird":1,"minecraft:spider":2,"minecraft:skeleton":4,"minecraft:chicken":3,"minecraft:drowned":1,"minecraft:husk":4,"minecraft:salmon":1,"minecraft:creeper":1,"minecraft:sheep":4,"minecraft:zombie":14,"alexsmobs:fly":1,"alexsmobs:crow":1},"minecraft:used":{"minecraft:spruce_slab":11,"minecraft:chest":2,"supplementaries:gold_door":1,"minecraft:iron_sword":249,"minecraft:player_head":2,"minecraft:rotten_flesh":6,"minecraft:iron_chestplate":1,"paraglider:goddess_statue":2,"minecraft:dirt":129,"minecraft:mutton":2,"minecraft:spruce_stairs":5,"farmersdelight:roast_chicken":1,"alexsmobs:maggot":2,"minecraft:iron_axe":75,"minecraft:iron_helmet":2,"minecraft:iron_boots":1,"minecraft:item_frame":2,"nethersdelight:iron_machete":1,"minecraft:gold_block":3,"minecraft:egg":1,"cfm:purple_sofa":2,"minecraft:iron_leggings":1,"botania:yellow_mushroom":1,"minecraft:cooked_mutton":5,"minecraft:oak_planks":30,"minecraft:blackstone":1,"minecraft:sugar_cane":68,"minecraft:salmon":1,"minecraft:mushroom_stew":2,"minecraft:black_banner":2,"minecraft:white_bed":1,"minecraft:cake":3,"minecraft:flower_pot":1,"minecraft:apple":18,"botania:pink_mushroom":1,"minecraft:chicken":1,"minecraft:bread":1,"minecraft:iron_pickaxe":167,"supplementaries:clock_block":1,"botania:purple_mushroom":2,"minecraft:cobblestone":80,"minecraft:potion":1,"alexsmobs:animal_dictionary":2,"minecraft:stripped_oak_log":11},"minecraft:picked_up":{"minecraft:iron_chestplate":1,"minecraft:chicken":2,"minecraft:flower_pot":3,"minecraft:chest_minecart":1,"minecraft:wither_rose":1,"minecraft:gold_block":5,"minecraft:potion":1,"supplementaries:candle_holder":1,"minecraft:polished_deepslate":1,"paraglider:goddess_statue":1,"minecraft:string":15,"minecraft:dark_oak_trapdoor":3,"minecraft:soul_soil":1,"minecraft:red_nether_bricks":1,"minecraft:item_frame":2,"botania:magenta_mystical_flower":4,"minecraft:pufferfish":1,"minecraft:blackstone":1,"minecraft:rose_bush":1,"minecraft:player_head":2,"minecraft:iron_nugget":24,"minecraft:poppy":2,"minecraft:iron_pickaxe":2,"minecraft:spruce_slab":12,"minecraft:sugar_cane":104,"minecraft:cherry_button":2,"minecraft:iron_boots":1,"minecraft:egg":1,"minecraft:stick":1,"minecraft:raw_iron":35,"minecraft:stripped_mangrove_wood":2,"botania:yellow_petal":2,"minecraft:spruce_fence":1,"minecraft:spruce_stairs":5,"botania:purple_mushroom":2,"sophisticatedbackpacks:backpack":2,"botania:pink_mushroom":1,"supplementaries:key":1,"minecraft:dark_oak_planks":1,"botania:white_mystical_flower":3,"supplementaries:sign_post_oak":1,"minecraft:arrow":5,"minecraft:rotten_flesh":16,"botania:light_gray_mystical_flower":8,"minecraft:black_banner":2,"supplementaries:ash":15,"botania:blue_double_flower":1,"botania:magenta_double_flower":1,"botania:green_mystical_flower":6,"minecraft:mutton":7,"minecraft:iron_bars":1,"minecraft:white_wool":2,"minecraft:cobblestone":102,"paraglider:paraglider":1,"minecraft:stripped_oak_log":11,"minecraft:feather":2,"minecraft:salmon":1,"minecraft:brown_wool":1,"minecraft:leather":3,"paraglider:spirit_orb":2,"artifacts:onion_ring":1,"botania:green_double_flower":1,"minecraft:oak_log":8,"supplementaries:flax_seeds":4,"minecraft:gunpowder":3,"minecraft:dirt":1,"botania:yellow_mushroom":1,"minecraft:leather_boots":1,"minecraft:bone":8,"minecraft:bow":1,"minecraft:wheat_seeds":22,"botania:purple_mystical_flower":4,"minecraft:iron_ingot":32,"minecraft:oak_planks":30,"minecraft:flowering_azalea":1,"botania:red_mystical_flower":2,"cosasodsputouve:orbit_coins":1,"minecraft:dandelion":4,"minecraft:nether_brick_stairs":2,"minecraft:blast_furnace":2,"minecraft:white_bed":1,"minecraft:spider_eye":1,"supplementaries:clock_block":1,"artifacts:helium_flamingo":1,"minecraft:golden_apple":1,"minecraft:emerald":5,"minecraft:bread":1,"alexsmobs:maggot":3,"minecraft:black_wool":1,"supplementaries:gold_door":2},"minecraft:custom":{"lootr:looted_stat":18,"minecraft:mob_kills":37,"minecraft:interact_with_crafting_table":13,"minecraft:leave_game":10,"minecraft:time_since_death":6127,"minecraft:climb_one_cm":2679,"minecraft:sprint_one_cm":404362,"minecraft:walk_one_cm":329356,"minecraft:drop":24,"minecraft:damage_dealt_absorbed":40,"minecraft:talked_to_villager":10,"minecraft:play_time":154650,"minecraft:deaths":9,"minecraft:sneak_time":935,"minecraft:walk_under_water_one_cm":7681,"minecraft:boat_one_cm":2565,"minecraft:jump":2207,"minecraft:interact_with_blast_furnace":1,"minecraft:walk_on_water_one_cm":14519,"minecraft:total_world_time":154650,"minecraft:interact_with_furnace":5,"minecraft:traded_with_villager":2,"minecraft:pot_flower":1,"minecraft:sleep_in_bed":6,"minecraft:time_since_rest":6158,"minecraft:damage_taken":3420,"minecraft:damage_dealt":7299,"minecraft:swim_one_cm":27501,"minecraft:fly_one_cm":564073,"minecraft:player_kills":2,"minecraft:open_chest":62,"minecraft:crouch_one_cm":1343,"minecraft:fall_one_cm":52598},"minecraft:killed_by":{"minecraft:player":2,"minecraft:skeleton":1},"minecraft:dropped":{"minecraft:stripped_mangrove_wood":2,"minecraft:wheat_seeds":5,"minecraft:diamond":1,"minecraft:chest_minecart":1,"minecraft:pufferfish":1,"minecraft:stick":1,"minecraft:gold_block":2,"minecraft:dark_oak_trapdoor":2,"minecraft:potion":1,"minecraft:iron_pickaxe":1,"minecraft:gold_ingot":17,"supplementaries:gold_door":1,"minecraft:sugar_cane":4,"cosasodsputouve:orbit_coins":1,"botania:purple_mystical_flower":1,"minecraft:spruce_fence":1,"artifacts:helium_flamingo":1,"artifacts:onion_ring":1,"minecraft:red_nether_bricks":1},"minecraft:mined":{"minecraft:dark_oak_planks":2,"botania:red_mystical_flower":2,"supplementaries:candle_holder":1,"botania:red_mushroom":1,"minecraft:red_nether_bricks":5,"minecraft:potted_flowering_azalea_bush":1,"minecraft:soul_campfire":1,"minecraft:spruce_leaves":1,"botania:light_gray_mystical_flower":8,"minecraft:spawner":1,"botania:purple_mushroom":2,"botania:purple_mystical_flower":3,"botania:magenta_mystical_flower":4,"supplementaries:sign_post":1,"minecraft:iron_ore":3,"minecraft:gold_block":5,"minecraft:polished_deepslate":1,"minecraft:iron_bars":1,"minecraft:lantern":1,"minecraft:stripped_oak_log":10,"botania:yellow_mushroom":1,"minecraft:stone":88,"minecraft:stripped_mangrove_wood":1,"minecraft:player_head":2,"minecraft:spruce_slab":12,"botania:green_mystical_flower":6,"botania:lime_mushroom":1,"minecraft:dandelion":4,"botania:yellow_buried_petals":2,"botania:green_double_flower":1,"minecraft:blast_furnace":2,"minecraft:polished_andesite_stairs":2,"minecraft:rose_bush":1,"botania:pink_mushroom":1,"minecraft:campfire":3,"minecraft:tall_grass":58,"minecraft:cobblestone":14,"minecraft:sugar_cane":63,"minecraft:oak_planks":6,"botania:blue_double_flower":1,"supplementaries:urn":6,"minecraft:spruce_stairs":5,"minecraft:black_wall_banner":2,"minecraft:birch_trapdoor":1,"minecraft:wither_rose":1,"minecraft:potted_poppy":2,"supplementaries:gold_door":2,"minecraft:grass":153,"botania:white_mystical_flower":3,"minecraft:oak_log":8,"minecraft:cherry_button":2,"minecraft:cyan_carpet":9,"minecraft:dirt":2,"botania:magenta_double_flower":1,"supplementaries:clock_block":1,"minecraft:fern":1}},"DataVersion":3465}