{"stats":{"minecraft:crafted":{"minecraft:emerald":2,"minecraft:iron_helmet":1,"minecraft:iron_ingot":2,"minecraft:iron_leggings":1},"minecraft:killed":{"minecraft:skeleton":1,"minecraft:zombie":1},"minecraft:used":{"botania:yellow_mushroom":1,"alexsmobs:maggot":2,"botania:pink_mushroom":1,"minecraft:iron_pickaxe":102,"minecraft:iron_helmet":1,"minecraft:blackstone":1,"botania:purple_mushroom":2,"minecraft:iron_boots":1,"minecraft:rotten_flesh":2,"minecraft:iron_chestplate":1,"minecraft:dirt":39,"alexsmobs:animal_dictionary":2,"minecraft:iron_leggings":1},"minecraft:picked_up":{"minecraft:iron_chestplate":1,"minecraft:raw_iron":35,"botania:purple_mushroom":2,"supplementaries:flax_seeds":4,"botania:pink_mushroom":1,"minecraft:dirt":1,"minecraft:string":13,"botania:yellow_mushroom":1,"minecraft:arrow":2,"minecraft:bone":3,"minecraft:blackstone":1,"minecraft:rotten_flesh":2,"minecraft:wheat_seeds":1,"minecraft:iron_ingot":32,"minecraft:emerald":5,"minecraft:iron_nugget":24,"minecraft:iron_pickaxe":2,"supplementaries:ash":12,"minecraft:cobblestone":75,"minecraft:iron_boots":1},"minecraft:custom":{"minecraft:time_since_rest":3145,"minecraft:sprint_one_cm":60639,"minecraft:damage_taken":702,"minecraft:walk_one_cm":88848,"minecraft:mob_kills":2,"minecraft:drop":1,"minecraft:damage_dealt":600,"minecraft:traded_with_villager":2,"minecraft:talked_to_villager":6,"minecraft:interact_with_crafting_table":2,"minecraft:fly_one_cm":109370,"minecraft:open_chest":10,"minecraft:crouch_one_cm":245,"minecraft:play_time":32087,"minecraft:deaths":2,"minecraft:sneak_time":41,"minecraft:walk_under_water_one_cm":1115,"minecraft:boat_one_cm":2565,"minecraft:jump":435,"minecraft:leave_game":4,"minecraft:time_since_death":3115,"minecraft:walk_on_water_one_cm":16,"minecraft:total_world_time":32087,"minecraft:fall_one_cm":8566},"minecraft:dropped":{"minecraft:iron_pickaxe":1},"minecraft:killed_by":{"minecraft:skeleton":1},"minecraft:mined":{"supplementaries:urn":6,"botania:purple_mushroom":2,"minecraft:iron_ore":3,"botania:lime_mushroom":1,"botania:pink_mushroom":1,"minecraft:dirt":2,"botania:yellow_mushroom":1,"minecraft:stone":71}},"DataVersion":3465}