{"stats":{"minecraft:crafted":{"minecraft:purple_wool":4,"minecraft:yellow_wool":3,"minecraft:oak_planks":20,"botania:purple_petal":4,"minecraft:cooked_mutton":5,"cfm:purple_sofa":2,"minecraft:iron_axe":1,"minecraft:chest":2,"minecraft:emerald":2,"minecraft:iron_helmet":1,"minecraft:iron_sword":1,"minecraft:air":0,"minecraft:yellow_dye":3,"minecraft:purple_dye":4,"minecraft:stick":8,"minecraft:iron_ingot":2,"minecraft:iron_leggings":1},"minecraft:killed":{"minecraft:spider":2,"minecraft:skeleton":1,"minecraft:chicken":3,"minecraft:drowned":1,"minecraft:husk":4,"minecraft:salmon":1,"minecraft:sheep":4,"minecraft:zombie":6,"alexsmobs:fly":1},"minecraft:used":{"minecraft:chest":2,"minecraft:iron_sword":108,"minecraft:rotten_flesh":6,"minecraft:iron_chestplate":1,"minecraft:dirt":129,"minecraft:mutton":2,"alexsmobs:maggot":2,"minecraft:iron_axe":49,"minecraft:iron_helmet":2,"minecraft:iron_boots":1,"nethersdelight:iron_machete":1,"minecraft:egg":1,"cfm:purple_sofa":2,"minecraft:iron_leggings":1,"botania:yellow_mushroom":1,"minecraft:cooked_mutton":5,"minecraft:oak_planks":26,"minecraft:blackstone":1,"minecraft:sugar_cane":36,"minecraft:salmon":1,"minecraft:flower_pot":1,"minecraft:apple":2,"botania:pink_mushroom":1,"supplementaries:clock_block":1,"minecraft:chicken":1,"minecraft:bread":1,"minecraft:iron_pickaxe":135,"botania:purple_mushroom":2,"minecraft:cobblestone":73,"alexsmobs:animal_dictionary":2},"minecraft:picked_up":{"minecraft:iron_chestplate":1,"minecraft:chicken":2,"minecraft:flower_pot":2,"minecraft:wither_rose":1,"minecraft:polished_deepslate":1,"minecraft:string":15,"minecraft:dark_oak_trapdoor":1,"minecraft:soul_soil":1,"minecraft:red_nether_bricks":1,"minecraft:item_frame":2,"minecraft:pufferfish":1,"minecraft:blackstone":1,"minecraft:rose_bush":1,"minecraft:player_head":1,"minecraft:iron_nugget":24,"minecraft:poppy":2,"minecraft:iron_pickaxe":2,"minecraft:spruce_slab":7,"minecraft:sugar_cane":40,"minecraft:egg":1,"minecraft:iron_boots":1,"minecraft:raw_iron":35,"minecraft:stick":1,"minecraft:stripped_mangrove_wood":2,"botania:yellow_petal":2,"minecraft:spruce_stairs":4,"botania:purple_mushroom":2,"sophisticatedbackpacks:backpack":1,"botania:pink_mushroom":1,"minecraft:dark_oak_planks":1,"minecraft:arrow":2,"minecraft:rotten_flesh":9,"botania:light_gray_mystical_flower":3,"minecraft:black_banner":1,"supplementaries:ash":12,"botania:green_mystical_flower":2,"minecraft:mutton":7,"minecraft:iron_bars":1,"minecraft:white_wool":2,"minecraft:cobblestone":88,"minecraft:feather":1,"minecraft:salmon":1,"minecraft:brown_wool":1,"artifacts:onion_ring":1,"paraglider:spirit_orb":2,"minecraft:oak_log":8,"supplementaries:flax_seeds":4,"minecraft:dirt":1,"botania:yellow_mushroom":1,"minecraft:leather_boots":1,"minecraft:bone":3,"minecraft:wheat_seeds":16,"botania:purple_mystical_flower":4,"minecraft:iron_ingot":32,"minecraft:oak_planks":25,"cosasodsputouve:orbit_coins":1,"minecraft:dandelion":4,"minecraft:nether_brick_stairs":2,"minecraft:blast_furnace":2,"supplementaries:clock_block":1,"artifacts:helium_flamingo":1,"minecraft:golden_apple":1,"minecraft:emerald":5,"alexsmobs:maggot":3,"minecraft:black_wool":1},"minecraft:custom":{"lootr:looted_stat":18,"minecraft:mob_kills":23,"minecraft:interact_with_crafting_table":11,"minecraft:leave_game":7,"minecraft:time_since_death":22677,"minecraft:climb_one_cm":2001,"minecraft:sprint_one_cm":239821,"minecraft:walk_one_cm":226841,"minecraft:drop":13,"minecraft:damage_dealt_absorbed":40,"minecraft:talked_to_villager":10,"minecraft:play_time":101849,"minecraft:deaths":6,"minecraft:sneak_time":592,"minecraft:walk_under_water_one_cm":6163,"minecraft:boat_one_cm":2565,"minecraft:jump":1476,"minecraft:interact_with_blast_furnace":1,"minecraft:walk_on_water_one_cm":9083,"minecraft:total_world_time":101849,"minecraft:interact_with_furnace":5,"minecraft:traded_with_villager":2,"minecraft:pot_flower":1,"minecraft:sleep_in_bed":3,"minecraft:time_since_rest":22699,"minecraft:damage_taken":2389,"minecraft:damage_dealt":4911,"minecraft:swim_one_cm":23823,"minecraft:fly_one_cm":368892,"minecraft:open_chest":40,"minecraft:crouch_one_cm":517,"minecraft:fall_one_cm":41180},"minecraft:dropped":{"minecraft:pufferfish":1,"minecraft:stick":1,"minecraft:iron_pickaxe":1,"minecraft:gold_ingot":17,"minecraft:sugar_cane":4,"cosasodsputouve:orbit_coins":1,"botania:purple_mystical_flower":1,"artifacts:helium_flamingo":1,"artifacts:onion_ring":1,"minecraft:red_nether_bricks":1},"minecraft:killed_by":{"minecraft:player":1,"minecraft:skeleton":1},"minecraft:mined":{"minecraft:dark_oak_planks":2,"botania:red_mushroom":1,"minecraft:red_nether_bricks":3,"minecraft:soul_campfire":1,"botania:light_gray_mystical_flower":3,"minecraft:spawner":1,"botania:purple_mushroom":2,"botania:purple_mystical_flower":3,"minecraft:iron_ore":3,"minecraft:polished_deepslate":1,"minecraft:iron_bars":1,"botania:yellow_mushroom":1,"minecraft:stripped_mangrove_wood":1,"minecraft:stone":80,"minecraft:player_head":1,"minecraft:spruce_slab":8,"botania:green_mystical_flower":2,"botania:lime_mushroom":1,"minecraft:dandelion":4,"botania:yellow_buried_petals":2,"minecraft:blast_furnace":2,"minecraft:polished_andesite_stairs":2,"botania:pink_mushroom":1,"minecraft:rose_bush":1,"minecraft:campfire":3,"minecraft:tall_grass":44,"minecraft:cobblestone":5,"minecraft:sugar_cane":21,"minecraft:oak_planks":6,"supplementaries:urn":6,"minecraft:spruce_stairs":4,"minecraft:black_wall_banner":1,"minecraft:birch_trapdoor":1,"minecraft:potted_poppy":2,"minecraft:wither_rose":1,"minecraft:grass":125,"minecraft:oak_log":8,"minecraft:dirt":2,"supplementaries:clock_block":1}},"DataVersion":3465}