{"stats":{"minecraft:crafted":{"minecraft:emerald":2,"minecraft:iron_ingot":2,"minecraft:iron_helmet":1,"minecraft:iron_leggings":1},"minecraft:killed":{"minecraft:zombie":1},"minecraft:used":{"botania:yellow_mushroom":1,"alexsmobs:maggot":2,"botania:pink_mushroom":1,"minecraft:iron_pickaxe":17,"minecraft:blackstone":1,"botania:purple_mushroom":2,"minecraft:iron_helmet":1,"minecraft:iron_boots":1,"minecraft:iron_chestplate":1,"alexsmobs:animal_dictionary":2,"minecraft:iron_leggings":1},"minecraft:picked_up":{"minecraft:iron_chestplate":1,"minecraft:raw_iron":32,"botania:purple_mushroom":2,"botania:pink_mushroom":1,"supplementaries:flax_seeds":4,"minecraft:string":13,"botania:yellow_mushroom":1,"minecraft:bone":3,"minecraft:blackstone":1,"minecraft:wheat_seeds":1,"minecraft:iron_ingot":32,"minecraft:emerald":5,"minecraft:iron_nugget":24,"minecraft:iron_pickaxe":2,"supplementaries:ash":12,"minecraft:iron_boots":1},"minecraft:custom":{"minecraft:time_since_rest":11751,"minecraft:sprint_one_cm":31271,"minecraft:damage_taken":175,"minecraft:walk_one_cm":32329,"minecraft:mob_kills":1,"minecraft:drop":1,"minecraft:damage_dealt":292,"minecraft:traded_with_villager":2,"minecraft:talked_to_villager":6,"minecraft:interact_with_crafting_table":2,"minecraft:fly_one_cm":42447,"minecraft:open_chest":10,"minecraft:crouch_one_cm":183,"minecraft:play_time":11751,"minecraft:sneak_time":35,"minecraft:boat_one_cm":2565,"minecraft:jump":174,"minecraft:leave_game":1,"minecraft:time_since_death":11751,"minecraft:total_world_time":11751,"minecraft:fall_one_cm":3617},"minecraft:dropped":{"minecraft:iron_pickaxe":1},"minecraft:mined":{"supplementaries:urn":6,"botania:purple_mushroom":2,"botania:lime_mushroom":1,"botania:pink_mushroom":1,"botania:yellow_mushroom":1}},"DataVersion":3465}