{"stats":{"minecraft:crafted":{"minecraft:golden_carrot":2,"minecraft:oak_planks":80,"minecraft:raw_iron":72,"minecraft:bone_meal":18,"minecraft:diamond_helmet":1,"minecraft:diamond_leggings":1,"minecraft:iron_axe":1,"minecraft:stone_pickaxe":1,"minecraft:chest":2,"paraglider:paraglider":1,"supplementaries:globe_sepia":1,"minecraft:cooked_porkchop":1,"minecraft:crafting_table":1,"minecraft:wooden_pickaxe":1,"minecraft:bucket":1,"minecraft:stone_axe":1,"minecraft:air":0,"minecraft:jungle_planks":4,"farmersdelight:cutting_board":1,"minecraft:oak_boat":2,"minecraft:shield":1,"minecraft:stick":20,"minecraft:iron_ingot":60,"minecraft:iron_pickaxe":1,"minecraft:wooden_axe":1,"minecraft:chipped_anvil":1,"farmersdelight:cooked_bacon":2,"minecraft:anvil":1},"minecraft:killed":{"twilightforest:squirrel":1,"minecraft:witch":1,"minecraft:spider":7,"alexsmobs:seagull":1,"minecraft:skeleton":22,"twilightforest:naga":1,"alexsmobs:bison":1,"alexsmobs:centipede_head":2,"artifacts:mimic":1,"minecraft:pig":1,"alexsmobs:seal":1,"twilightforest:kobold":1,"mowziesmobs:umvuthana_follower_raptor":3,"minecraft:creeper":6,"minecraft:zombie":54,"sons_of_sins:betrayed_guzzler":4,"alexsmobs:crow":1,"alexsmobs:mungus":1,"just_in_cave:ghost_minecart":9,"twilightforest:bighorn_sheep":1,"minecraft:cow":3},"minecraft:broken":{"mowziesmobs:umvuthana_mask_bliss":1},"minecraft:used":{"minecraft:moss_carpet":1,"minecraft:flint_and_steel":3,"minecraft:chest":2,"minecraft:shield":43,"minecraft:rotten_flesh":16,"alexsmobs:medium_catfish_bucket":2,"minecraft:torch":11,"minecraft:anvil":1,"minecraft:mutton":2,"minecraft:dirt":27,"twilightforest:ore_map":1,"minecraft:carrot":19,"minecraft:raw_iron_block":4,"minecraft:wooden_axe":10,"alexsmobs:maggot":1,"supplementaries:globe_sepia":1,"minecraft:iron_axe":144,"minecraft:grass_block":3,"minecraft:packed_mud":1,"minecraft:pink_wool":1,"twilightforest:nagastone":1,"minecraft:golden_carrot":9,"farmersdelight:cutting_board":2,"minecraft:bow":7,"minecraft:beef":11,"minecraft:furnace":1,"nethersdelight:iron_machete":15,"minecraft:cooked_beef":13,"minecraft:potato":2,"minecraft:enchanted_golden_apple":1,"minecraft:golden_axe":9,"minecraft:water_bucket":28,"minecraft:damaged_anvil":1,"minecraft:oak_planks":14,"minecraft:stone_pickaxe":27,"minecraft:blackstone":1,"minecraft:wooden_pickaxe":8,"minecraft:cracked_stone_bricks":1,"minecraft:white_wool":1,"minecraft:golden_hoe":4,"minecraft:sand":6,"minecraft:crafting_table":7,"minecraft:painting":3,"minecraft:dripstone_block":1,"minecraft:bread":14,"minecraft:birch_slab":16,"minecraft:iron_pickaxe":158,"minecraft:suspicious_stew":1,"supplementaries:clock_block":1,"twilightforest:nagastone_head":1,"minecraft:stone_axe":78,"minecraft:diamond_sword":297,"farmersdelight:cooked_bacon":1,"minecraft:cobblestone":48,"minecraft:porkchop":1,"minecraft:cooked_porkchop":1,"minecraft:bucket":31,"alexsmobs:animal_dictionary":2,"minecraft:oak_boat":10,"twilightforest:twilight_oak_chest":2,"minecraft:bone_meal":18,"minecraft:dandelion":1,"minecraft:experience_bottle":1},"minecraft:picked_up":{"minecraft:crafting_table":7,"minecraft:shelter_pottery_sherd":1,"minecraft:coarse_dirt":8,"minecraft:chicken":1,"minecraft:diamond_sword":2,"minecraft:pink_wool":1,"artifacts:chorus_totem":1,"twilightforest:nagastone":1,"minecraft:shield":1,"farmersdelight:cutting_board":2,"paraglider:goddess_statue":2,"minecraft:string":9,"minecraft:moss_carpet":1,"supplementaries:globe":1,"minecraft:iron_axe":4,"minecraft:flint_and_steel":2,"twilightforest:filled_magic_map":2,"minecraft:zombie_head":1,"minecraft:blackstone":1,"minecraft:cracked_stone_bricks":1,"minecraft:tnt_minecart":1,"minecraft:gold_nugget":5,"minecraft:cobbled_deepslate":2,"minecraft:spruce_planks":2,"twilightforest:nagastone_head":1,"minecraft:light_weighted_pressure_plate":1,"minecraft:beef":21,"minecraft:oak_boat":9,"twilightforest:naga_scale":8,"minecraft:iron_nugget":71,"minecraft:poppy":1,"minecraft:iron_pickaxe":1,"minecraft:sugar_cane":37,"farmersdelight:golden_knife":1,"sons_of_sins:sickle_of_struggle":1,"minecraft:egg":10,"minecraft:furnace":1,"minecraft:raw_iron":36,"minecraft:torch":54,"botania:yellow_mystical_flower":6,"minecraft:spruce_fence":1,"minecraft:fire_charge":2,"minecraft:porkchop":3,"minecraft:golden_axe":2,"minecraft:carrot":23,"minecraft:golden_chestplate":1,"alexsmobs:centipede_leg":2,"minecraft:stone_sword":2,"minecraft:arrow":16,"minecraft:rotten_flesh":82,"minecraft:beetroot_seeds":1,"minecraft:golden_hoe":2,"supplementaries:antique_ink":3,"farmersdelight:rope":16,"mowziesmobs:umvuthana_mask_bliss":2,"supplementaries:ash":72,"minecraft:mutton":2,"alexsmobs:flying_fish":1,"minecraft:skeleton_skull":1,"minecraft:white_wool":1,"minecraft:cobblestone":28,"paraglider:paraglider":1,"minecraft:feather":2,"minecraft:cooked_beef":1,"minecraft:glow_ink_sac":1,"minecraft:water_bucket":1,"minecraft:jungle_log":1,"minecraft:leather":12,"minecraft:potato":3,"farmersdelight:bacon":2,"alexsmobs:bison_fur":1,"paraglider:spirit_orb":34,"minecraft:packed_mud":1,"minecraft:oak_log":21,"supplementaries:flax_seeds":2,"minecraft:gunpowder":1,"minecraft:dirt":43,"minecraft:paper":6,"botania:light_blue_mystical_flower":4,"nethersdelight:iron_machete":3,"minecraft:coast_armor_trim_smithing_template":2,"minecraft:bone":20,"minecraft:acacia_planks":1,"minecraft:bow":2,"minecraft:wheat_seeds":9,"minecraft:orange_tulip":1,"minecraft:stone_pickaxe":1,"minecraft:iron_ingot":8,"minecraft:oak_planks":5,"cosasodsputouve:orbit_coins":1,"patchouli:guide_book":2,"minecraft:dandelion":2,"minecraft:raw_iron_block":8,"minecraft:dripstone_block":1,"minecraft:sand":38,"just_in_cave:the_old_miners_pickaxe":1,"minecraft:blast_furnace":1,"sons_of_sins:flesh_of_demise":5,"minecraft:leather_helmet":1,"minecraft:spider_eye":1,"alexsmobs:animal_dictionary":4,"supplementaries:clock_block":3,"minecraft:sugar":1,"minecraft:diamond":21,"minecraft:stone_axe":2,"minecraft:painting":3,"minecraft:emerald":1,"minecraft:bread":12,"alexsmobs:maggot":1,"minecraft:coal":9,"minecraft:damaged_anvil":2,"minecraft:wooden_axe":2},"minecraft:custom":{"lootr:looted_stat":33,"minecraft:mob_kills":126,"minecraft:interact_with_crafting_table":32,"goblintraders:trade_with_goblin":32,"minecraft:damage_dealt_resisted":18,"minecraft:leave_game":27,"minecraft:time_since_death":15676,"minecraft:climb_one_cm":1486,"minecraft:damage_resisted":102,"minecraft:sprint_one_cm":649278,"minecraft:walk_one_cm":492420,"minecraft:damage_blocked_by_shield":1400,"minecraft:drop":66,"minecraft:talked_to_villager":11,"minecraft:play_time":342403,"minecraft:deaths":31,"minecraft:sneak_time":4926,"minecraft:walk_under_water_one_cm":23034,"minecraft:boat_one_cm":269852,"minecraft:jump":6323,"minecraft:walk_on_water_one_cm":38447,"minecraft:total_world_time":342403,"minecraft:interact_with_furnace":12,"minecraft:sleep_in_bed":1,"minecraft:time_since_rest":15704,"minecraft:damage_taken":12120,"minecraft:damage_absorbed":160,"minecraft:damage_dealt":27191,"minecraft:player_kills":9,"minecraft:fly_one_cm":3313900,"minecraft:swim_one_cm":56016,"minecraft:open_chest":40,"minecraft:crouch_one_cm":12231,"minecraft:fall_one_cm":171194},"minecraft:killed_by":{"minecraft:player":13,"just_in_cave:the_old_miner":2,"minecraft:creeper":1,"alexsmobs:centipede_head":2,"minecraft:skeleton":2,"minecraft:zombie":5},"minecraft:mined":{"minecraft:spruce_planks":4,"minecraft:mossy_cobblestone":9,"minecraft:deepslate_diamond_ore":14,"farmersdelight:wild_carrots":1,"minecraft:spruce_fence":1,"minecraft:grass_block":14,"minecraft:decorated_pot":1,"minecraft:jungle_log":1,"minecraft:moss_block":1,"twilightforest:nagastone_head":1,"minecraft:sandstone":3,"minecraft:spawner":15,"minecraft:furnace":1,"minecraft:packed_mud":1,"minecraft:carrots":7,"minecraft:iron_ore":8,"minecraft:fire":9,"minecraft:acacia_stairs":1,"minecraft:moss_carpet":1,"supplementaries:globe":1,"minecraft:vine":2,"minecraft:oak_stairs":1,"minecraft:stone":28,"minecraft:blackstone":6,"minecraft:dandelion":2,"minecraft:oak_fence":1,"minecraft:crafting_table":5,"minecraft:blast_furnace":1,"supplementaries:wild_flax":1,"minecraft:tall_grass":14,"twilightforest:nagastone":1,"minecraft:cobblestone":27,"minecraft:oak_planks":4,"minecraft:sugar_cane":4,"minecraft:damaged_anvil":2,"minecraft:wall_torch":1,"supplementaries:urn":30,"farmersdelight:wild_beetroots":1,"minecraft:coarse_dirt":12,"farmersdelight:cutting_board":1,"minecraft:orange_tulip":1,"minecraft:smooth_stone_slab":6,"minecraft:grass":28,"minecraft:oak_log":20,"botania:white_mystical_flower":1,"minecraft:coal_ore":7,"botania:yellow_mystical_flower":5,"minecraft:sunflower":1,"minecraft:dripstone_block":1,"minecraft:sand":41,"minecraft:dirt":24,"minecraft:acacia_planks":3,"minecraft:polished_andesite":2,"minecraft:oak_leaves":4,"minecraft:deepslate":5,"supplementaries:clock_block":1,"minecraft:fern":1,"paraglider:goddess_statue":2},"minecraft:dropped":{"minecraft:water_bucket":2,"minecraft:iron_ingot":33,"minecraft:wheat_seeds":5,"minecraft:oak_log":1,"minecraft:diamond":1,"minecraft:feather":1,"farmersdelight:cooked_bacon":1,"minecraft:golden_axe":1,"minecraft:cobblestone":4,"twilightforest:naga_scale":8,"alexsmobs:bison_fur":1,"paraglider:spirit_orb":2,"minecraft:stick":2,"minecraft:light_weighted_pressure_plate":1,"minecraft:torch":10,"minecraft:wooden_axe":1,"alexsmobs:flying_fish":1,"minecraft:coast_armor_trim_smithing_template":2,"minecraft:gold_nugget":5,"minecraft:golden_hoe":1,"minecraft:sugar":1,"paraglider:paraglider":1,"minecraft:acacia_planks":1,"minecraft:bone":2,"minecraft:stone_axe":3,"minecraft:iron_nugget":64,"alexsmobs:animal_dictionary":4,"minecraft:bowl":1,"cosasodsputouve:orbit_coins":1,"minecraft:rotten_flesh":5,"minecraft:oak_planks":12,"supplementaries:clock_block":1,"minecraft:carrot":3,"patchouli:guide_book":2,"minecraft:flint_and_steel":1,"minecraft:diamond_sword":1,"supplementaries:flax_seeds":1,"minecraft:potato":9,"minecraft:skeleton_skull":1,"minecraft:oak_boat":1,"farmersdelight:rope":16,"minecraft:wooden_pickaxe":1,"minecraft:beef":8,"minecraft:stone_pickaxe":2}},"DataVersion":3465}