{"stats":{"minecraft:killed_by":{"minecraft:player":2},"minecraft:picked_up":{"minecraft:crafting_table":1,"patchouli:guide_book":1,"minecraft:leather":4,"minecraft:oak_log":4,"alexsmobs:animal_dictionary":1,"minecraft:dirt":14,"minecraft:arrow":1,"minecraft:rotten_flesh":3,"minecraft:wheat_seeds":1,"minecraft:beef":3,"supplementaries:ash":3,"minecraft:sugar_cane":13,"minecraft:egg":1},"minecraft:crafted":{"minecraft:oak_planks":16,"minecraft:crafting_table":1,"minecraft:stick":4,"minecraft:wooden_pickaxe":1,"minecraft:wooden_axe":1},"minecraft:mined":{"minecraft:crafting_table":1,"minecraft:grass":3,"minecraft:grass_block":3,"minecraft:oak_log":4,"minecraft:dirt":10,"minecraft:sugar_cane":4,"minecraft:oak_leaves":2},"minecraft:used":{"minecraft:wooden_axe":8,"minecraft:grass_block":3,"minecraft:dirt":6,"minecraft:crafting_table":1,"alexsmobs:animal_dictionary":1,"twilightforest:twilight_oak_chest":2},"minecraft:killed":{"twilightforest:squirrel":1,"minecraft:cow":2},"minecraft:dropped":{"minecraft:wheat_seeds":1,"alexsmobs:animal_dictionary":2,"patchouli:guide_book":2},"minecraft:custom":{"minecraft:time_since_rest":8020,"lootr:looted_stat":1,"minecraft:sprint_one_cm":27952,"minecraft:damage_taken":718,"minecraft:walk_one_cm":18810,"minecraft:mob_kills":3,"minecraft:drop":5,"minecraft:damage_dealt":210,"minecraft:interact_with_crafting_table":1,"minecraft:fly_one_cm":101228,"minecraft:open_chest":5,"minecraft:crouch_one_cm":776,"minecraft:play_time":15175,"minecraft:deaths":3,"minecraft:sneak_time":284,"minecraft:walk_under_water_one_cm":540,"minecraft:jump":267,"minecraft:leave_game":1,"minecraft:time_since_death":7960,"minecraft:walk_on_water_one_cm":566,"minecraft:total_world_time":15175,"minecraft:fall_one_cm":5045}},"DataVersion":3465}