{"stats":{"minecraft:crafted":{"minecraft:golden_carrot":2,"minecraft:oak_planks":80,"minecraft:raw_iron":72,"minecraft:bone_meal":18,"minecraft:iron_axe":1,"minecraft:stone_pickaxe":1,"minecraft:chest":2,"paraglider:paraglider":1,"supplementaries:globe_sepia":1,"minecraft:cooked_porkchop":1,"minecraft:crafting_table":1,"minecraft:wooden_pickaxe":1,"minecraft:bucket":1,"minecraft:stone_axe":1,"minecraft:air":0,"minecraft:jungle_planks":4,"farmersdelight:cutting_board":1,"minecraft:oak_boat":2,"minecraft:shield":1,"minecraft:stick":20,"minecraft:iron_pickaxe":1,"minecraft:iron_ingot":60,"minecraft:wooden_axe":1,"farmersdelight:cooked_bacon":2},"minecraft:killed":{"twilightforest:squirrel":1,"minecraft:witch":1,"minecraft:spider":4,"alexsmobs:seagull":1,"minecraft:skeleton":20,"twilightforest:naga":1,"alexsmobs:centipede_head":2,"alexsmobs:bison":1,"artifacts:mimic":1,"minecraft:pig":1,"alexsmobs:seal":1,"twilightforest:kobold":1,"mowziesmobs:umvuthana_follower_raptor":3,"minecraft:creeper":5,"minecraft:zombie":45,"sons_of_sins:betrayed_guzzler":2,"alexsmobs:crow":1,"alexsmobs:mungus":1,"just_in_cave:ghost_minecart":9,"twilightforest:bighorn_sheep":1,"minecraft:cow":3},"minecraft:broken":{"mowziesmobs:umvuthana_mask_bliss":1},"minecraft:used":{"minecraft:moss_carpet":1,"minecraft:flint_and_steel":3,"minecraft:chest":2,"minecraft:shield":41,"minecraft:rotten_flesh":12,"minecraft:torch":11,"minecraft:mutton":2,"minecraft:dirt":25,"twilightforest:ore_map":1,"minecraft:carrot":19,"minecraft:raw_iron_block":4,"minecraft:wooden_axe":10,"alexsmobs:maggot":1,"supplementaries:globe_sepia":1,"minecraft:iron_axe":131,"minecraft:grass_block":3,"minecraft:packed_mud":1,"minecraft:pink_wool":1,"twilightforest:nagastone":1,"minecraft:golden_carrot":9,"farmersdelight:cutting_board":2,"minecraft:bow":7,"minecraft:beef":11,"minecraft:furnace":1,"nethersdelight:iron_machete":15,"minecraft:cooked_beef":1,"minecraft:potato":2,"minecraft:enchanted_golden_apple":1,"minecraft:golden_axe":9,"minecraft:water_bucket":19,"minecraft:oak_planks":14,"minecraft:stone_pickaxe":27,"minecraft:blackstone":1,"minecraft:wooden_pickaxe":8,"minecraft:cracked_stone_bricks":1,"minecraft:white_wool":1,"minecraft:golden_hoe":4,"minecraft:sand":6,"minecraft:crafting_table":7,"minecraft:painting":3,"minecraft:birch_slab":16,"minecraft:bread":14,"minecraft:iron_pickaxe":136,"minecraft:suspicious_stew":1,"supplementaries:clock_block":1,"twilightforest:nagastone_head":1,"minecraft:stone_axe":78,"minecraft:diamond_sword":193,"farmersdelight:cooked_bacon":1,"minecraft:cobblestone":30,"minecraft:porkchop":1,"minecraft:cooked_porkchop":1,"minecraft:bucket":20,"alexsmobs:animal_dictionary":2,"minecraft:oak_boat":9,"twilightforest:twilight_oak_chest":2,"minecraft:bone_meal":18,"minecraft:dandelion":1,"minecraft:experience_bottle":1},"minecraft:picked_up":{"minecraft:crafting_table":7,"minecraft:coarse_dirt":8,"minecraft:pink_wool":1,"artifacts:chorus_totem":1,"twilightforest:nagastone":1,"minecraft:shield":1,"farmersdelight:cutting_board":2,"supplementaries:globe":1,"minecraft:string":5,"minecraft:moss_carpet":1,"minecraft:iron_axe":3,"minecraft:flint_and_steel":2,"twilightforest:filled_magic_map":2,"minecraft:zombie_head":1,"minecraft:blackstone":1,"minecraft:cracked_stone_bricks":1,"minecraft:cobbled_deepslate":2,"minecraft:gold_nugget":5,"minecraft:spruce_planks":2,"twilightforest:nagastone_head":1,"minecraft:light_weighted_pressure_plate":1,"minecraft:beef":21,"minecraft:oak_boat":8,"twilightforest:naga_scale":8,"minecraft:iron_nugget":71,"minecraft:iron_pickaxe":1,"minecraft:sugar_cane":37,"farmersdelight:golden_knife":1,"sons_of_sins:sickle_of_struggle":1,"minecraft:furnace":1,"minecraft:egg":10,"minecraft:raw_iron":33,"minecraft:torch":39,"minecraft:spruce_fence":1,"minecraft:fire_charge":2,"minecraft:porkchop":3,"minecraft:golden_axe":2,"minecraft:carrot":22,"alexsmobs:centipede_leg":2,"minecraft:golden_chestplate":1,"minecraft:stone_sword":2,"minecraft:arrow":13,"minecraft:rotten_flesh":72,"minecraft:beetroot_seeds":1,"minecraft:golden_hoe":2,"supplementaries:antique_ink":3,"farmersdelight:rope":16,"mowziesmobs:umvuthana_mask_bliss":2,"supplementaries:ash":69,"minecraft:mutton":2,"minecraft:skeleton_skull":1,"alexsmobs:flying_fish":1,"minecraft:white_wool":1,"minecraft:cobblestone":17,"paraglider:paraglider":1,"minecraft:feather":1,"minecraft:cooked_beef":1,"minecraft:jungle_log":1,"minecraft:leather":12,"minecraft:potato":3,"farmersdelight:bacon":2,"alexsmobs:bison_fur":1,"paraglider:spirit_orb":34,"minecraft:packed_mud":1,"minecraft:oak_log":20,"supplementaries:flax_seeds":2,"minecraft:dirt":33,"minecraft:paper":6,"nethersdelight:iron_machete":3,"minecraft:coast_armor_trim_smithing_template":2,"minecraft:bone":18,"minecraft:acacia_planks":1,"minecraft:bow":2,"minecraft:wheat_seeds":6,"minecraft:iron_ingot":8,"minecraft:stone_pickaxe":1,"minecraft:oak_planks":5,"cosasodsputouve:orbit_coins":1,"patchouli:guide_book":2,"just_in_cave:the_old_miners_pickaxe":1,"minecraft:dandelion":1,"minecraft:raw_iron_block":8,"minecraft:sand":38,"minecraft:leather_helmet":1,"alexsmobs:animal_dictionary":4,"sons_of_sins:flesh_of_demise":3,"supplementaries:clock_block":3,"minecraft:sugar":1,"minecraft:diamond":21,"minecraft:stone_axe":2,"minecraft:painting":3,"minecraft:bread":12,"minecraft:damaged_anvil":1,"alexsmobs:maggot":1,"minecraft:coal":8,"minecraft:wooden_axe":2},"minecraft:custom":{"lootr:looted_stat":28,"minecraft:mob_kills":109,"minecraft:interact_with_crafting_table":29,"goblintraders:trade_with_goblin":30,"minecraft:damage_dealt_resisted":18,"minecraft:leave_game":26,"minecraft:time_since_death":4296,"minecraft:climb_one_cm":868,"minecraft:damage_resisted":102,"minecraft:sprint_one_cm":463557,"minecraft:walk_one_cm":367585,"minecraft:damage_blocked_by_shield":1295,"minecraft:drop":56,"minecraft:talked_to_villager":4,"minecraft:play_time":264712,"minecraft:deaths":25,"minecraft:sneak_time":4249,"minecraft:walk_under_water_one_cm":21936,"minecraft:boat_one_cm":269852,"minecraft:jump":4608,"minecraft:walk_on_water_one_cm":31948,"minecraft:total_world_time":264712,"minecraft:interact_with_furnace":12,"minecraft:time_since_rest":4320,"minecraft:damage_absorbed":160,"minecraft:damage_taken":9276,"minecraft:damage_dealt":21705,"minecraft:fly_one_cm":2890944,"minecraft:swim_one_cm":43482,"minecraft:player_kills":3,"minecraft:open_chest":15,"minecraft:crouch_one_cm":10379,"minecraft:fall_one_cm":129988},"minecraft:killed_by":{"minecraft:player":11,"just_in_cave:the_old_miner":1,"minecraft:creeper":1,"alexsmobs:centipede_head":2,"minecraft:skeleton":2,"minecraft:zombie":5},"minecraft:mined":{"minecraft:spruce_planks":4,"minecraft:mossy_cobblestone":9,"minecraft:deepslate_diamond_ore":14,"minecraft:spruce_fence":1,"minecraft:grass_block":14,"minecraft:jungle_log":1,"minecraft:moss_block":1,"twilightforest:nagastone_head":1,"minecraft:sandstone":3,"minecraft:spawner":15,"minecraft:furnace":1,"minecraft:packed_mud":1,"minecraft:carrots":7,"minecraft:iron_ore":8,"minecraft:fire":6,"minecraft:acacia_stairs":1,"minecraft:moss_carpet":1,"supplementaries:globe":1,"minecraft:vine":2,"minecraft:oak_stairs":1,"minecraft:stone":25,"minecraft:blackstone":6,"minecraft:dandelion":2,"minecraft:oak_fence":1,"minecraft:crafting_table":5,"supplementaries:wild_flax":1,"minecraft:cobblestone":17,"twilightforest:nagastone":1,"minecraft:tall_grass":9,"minecraft:damaged_anvil":1,"minecraft:sugar_cane":4,"minecraft:oak_planks":4,"minecraft:wall_torch":1,"supplementaries:urn":29,"farmersdelight:wild_beetroots":1,"minecraft:coarse_dirt":12,"farmersdelight:cutting_board":1,"minecraft:smooth_stone_slab":6,"minecraft:grass":22,"botania:white_mystical_flower":1,"minecraft:coal_ore":7,"minecraft:oak_log":20,"minecraft:sunflower":1,"minecraft:sand":41,"minecraft:dirt":23,"minecraft:acacia_planks":3,"minecraft:polished_andesite":2,"minecraft:deepslate":5,"minecraft:oak_leaves":4,"supplementaries:clock_block":1,"minecraft:fern":1},"minecraft:dropped":{"minecraft:iron_ingot":1,"minecraft:wheat_seeds":2,"minecraft:diamond":1,"minecraft:feather":1,"minecraft:golden_axe":1,"farmersdelight:cooked_bacon":1,"twilightforest:naga_scale":8,"alexsmobs:bison_fur":1,"paraglider:spirit_orb":2,"minecraft:stick":2,"minecraft:light_weighted_pressure_plate":1,"minecraft:torch":10,"minecraft:wooden_axe":1,"minecraft:coast_armor_trim_smithing_template":2,"alexsmobs:flying_fish":1,"minecraft:gold_nugget":5,"minecraft:golden_hoe":1,"minecraft:sugar":1,"paraglider:paraglider":1,"minecraft:acacia_planks":1,"minecraft:bone":2,"minecraft:stone_axe":3,"minecraft:iron_nugget":64,"alexsmobs:animal_dictionary":4,"minecraft:bowl":1,"cosasodsputouve:orbit_coins":1,"minecraft:rotten_flesh":5,"minecraft:oak_planks":12,"supplementaries:clock_block":1,"minecraft:carrot":3,"patchouli:guide_book":2,"minecraft:flint_and_steel":1,"supplementaries:flax_seeds":1,"minecraft:potato":9,"minecraft:skeleton_skull":1,"minecraft:oak_boat":1,"farmersdelight:rope":16,"minecraft:wooden_pickaxe":1,"minecraft:beef":8,"minecraft:stone_pickaxe":2}},"DataVersion":3465}