{"stats":{"minecraft:killed_by":{"minecraft:player":2},"minecraft:picked_up":{"minecraft:crafting_table":2,"minecraft:jungle_log":1,"patchouli:guide_book":1,"minecraft:leather":4,"minecraft:porkchop":3,"minecraft:oak_log":4,"alexsmobs:animal_dictionary":1,"minecraft:dirt":15,"minecraft:arrow":1,"minecraft:rotten_flesh":3,"minecraft:wheat_seeds":1,"minecraft:beef":3,"supplementaries:ash":3,"minecraft:sugar_cane":13,"minecraft:oak_planks":2,"minecraft:coal":7,"minecraft:cobblestone":10,"minecraft:egg":2},"minecraft:crafted":{"farmersdelight:cutting_board":1,"minecraft:oak_planks":16,"minecraft:cooked_porkchop":1,"minecraft:crafting_table":1,"minecraft:stick":12,"minecraft:wooden_pickaxe":1,"minecraft:stone_pickaxe":1,"minecraft:wooden_axe":1,"minecraft:stone_axe":1,"minecraft:air":0,"minecraft:jungle_planks":4},"minecraft:mined":{"minecraft:crafting_table":2,"minecraft:grass":4,"minecraft:coal_ore":7,"minecraft:grass_block":5,"minecraft:oak_log":4,"minecraft:vine":1,"minecraft:jungle_log":1,"minecraft:dirt":12,"minecraft:stone":10,"minecraft:sugar_cane":4,"minecraft:oak_leaves":2},"minecraft:used":{"minecraft:wooden_axe":8,"minecraft:grass_block":3,"minecraft:stone_pickaxe":10,"minecraft:wooden_pickaxe":8,"minecraft:rotten_flesh":3,"farmersdelight:cutting_board":1,"minecraft:stone_axe":7,"minecraft:dirt":8,"minecraft:beef":3,"minecraft:crafting_table":2,"minecraft:cooked_porkchop":1,"minecraft:porkchop":1,"alexsmobs:animal_dictionary":1,"twilightforest:twilight_oak_chest":2},"minecraft:killed":{"twilightforest:squirrel":1,"minecraft:pig":1,"alexsmobs:mungus":1,"minecraft:cow":2},"minecraft:dropped":{"minecraft:wheat_seeds":1,"alexsmobs:animal_dictionary":2,"patchouli:guide_book":2},"minecraft:custom":{"minecraft:time_since_rest":20020,"minecraft:interact_with_furnace":3,"lootr:looted_stat":1,"minecraft:sprint_one_cm":57269,"minecraft:damage_taken":788,"minecraft:walk_one_cm":35895,"minecraft:mob_kills":5,"minecraft:drop":5,"minecraft:damage_dealt":460,"minecraft:swim_one_cm":1689,"minecraft:interact_with_crafting_table":10,"minecraft:fly_one_cm":188347,"minecraft:open_chest":5,"minecraft:crouch_one_cm":2451,"minecraft:play_time":27175,"minecraft:deaths":3,"minecraft:sneak_time":841,"minecraft:walk_under_water_one_cm":811,"minecraft:jump":653,"minecraft:leave_game":1,"minecraft:time_since_death":19960,"minecraft:walk_on_water_one_cm":1877,"minecraft:climb_one_cm":295,"minecraft:total_world_time":27175,"minecraft:fall_one_cm":14188}},"DataVersion":3465}