{"stats":{"minecraft:killed_by":{"minecraft:player":2},"minecraft:picked_up":{"minecraft:crafting_table":4,"minecraft:coarse_dirt":8,"minecraft:cooked_beef":1,"minecraft:jungle_log":1,"minecraft:leather":4,"farmersdelight:bacon":2,"minecraft:oak_log":10,"supplementaries:flax_seeds":1,"farmersdelight:cutting_board":1,"minecraft:dirt":25,"minecraft:string":2,"minecraft:moss_carpet":1,"nethersdelight:iron_machete":1,"minecraft:coast_armor_trim_smithing_template":1,"minecraft:bone":4,"minecraft:wheat_seeds":2,"minecraft:beef":3,"minecraft:oak_boat":2,"minecraft:sugar_cane":13,"minecraft:oak_planks":2,"minecraft:furnace":1,"minecraft:egg":5,"cosasodsputouve:orbit_coins":1,"patchouli:guide_book":1,"minecraft:torch":1,"minecraft:porkchop":3,"alexsmobs:animal_dictionary":1,"supplementaries:clock_block":1,"minecraft:arrow":5,"minecraft:rotten_flesh":7,"minecraft:stone_axe":1,"supplementaries:ash":5,"minecraft:coal":8,"minecraft:cobblestone":12},"minecraft:crafted":{"minecraft:oak_planks":40,"minecraft:cooked_porkchop":1,"minecraft:crafting_table":1,"minecraft:wooden_pickaxe":1,"minecraft:stone_axe":1,"minecraft:air":0,"minecraft:jungle_planks":4,"farmersdelight:cutting_board":1,"minecraft:oak_boat":1,"minecraft:stick":12,"minecraft:stone_pickaxe":1,"minecraft:wooden_axe":1,"farmersdelight:cooked_bacon":2},"minecraft:mined":{"minecraft:crafting_table":4,"minecraft:grass_block":6,"minecraft:jungle_log":1,"supplementaries:wild_flax":1,"minecraft:tall_grass":1,"minecraft:sugar_cane":4,"minecraft:wall_torch":1,"minecraft:coarse_dirt":11,"minecraft:furnace":1,"farmersdelight:cutting_board":1,"minecraft:moss_carpet":1,"minecraft:grass":4,"minecraft:coal_ore":7,"minecraft:oak_log":10,"minecraft:vine":2,"minecraft:dirt":20,"minecraft:stone":12,"minecraft:oak_leaves":2,"supplementaries:clock_block":1},"minecraft:used":{"minecraft:moss_carpet":1,"minecraft:stone_pickaxe":13,"minecraft:wooden_pickaxe":8,"minecraft:rotten_flesh":7,"minecraft:dirt":14,"minecraft:crafting_table":3,"minecraft:wooden_axe":8,"minecraft:grass_block":3,"minecraft:stone_axe":37,"farmersdelight:cooked_bacon":1,"farmersdelight:cutting_board":1,"minecraft:cobblestone":24,"minecraft:beef":3,"minecraft:furnace":1,"minecraft:cooked_porkchop":1,"minecraft:porkchop":1,"nethersdelight:iron_machete":7,"minecraft:oak_boat":2,"alexsmobs:animal_dictionary":1,"minecraft:potato":2,"twilightforest:twilight_oak_chest":2},"minecraft:killed":{"twilightforest:squirrel":1,"minecraft:pig":1,"alexsmobs:seal":1,"alexsmobs:seagull":1,"minecraft:skeleton":2,"minecraft:zombie":3,"alexsmobs:mungus":1,"minecraft:cow":2},"minecraft:dropped":{"minecraft:stone_axe":1,"minecraft:wheat_seeds":1,"alexsmobs:animal_dictionary":2,"cosasodsputouve:orbit_coins":1,"farmersdelight:cooked_bacon":1,"patchouli:guide_book":2,"minecraft:stick":2,"minecraft:coast_armor_trim_smithing_template":2},"minecraft:custom":{"lootr:looted_stat":1,"minecraft:interact_with_furnace":9,"minecraft:mob_kills":12,"minecraft:interact_with_crafting_table":12,"minecraft:leave_game":1,"minecraft:time_since_death":43482,"minecraft:climb_one_cm":539,"minecraft:time_since_rest":43542,"minecraft:sprint_one_cm":108597,"minecraft:damage_taken":928,"minecraft:walk_one_cm":67825,"minecraft:drop":11,"minecraft:damage_dealt":1422,"minecraft:swim_one_cm":12831,"minecraft:fly_one_cm":287563,"minecraft:open_chest":7,"minecraft:crouch_one_cm":4411,"minecraft:play_time":50697,"minecraft:deaths":3,"minecraft:sneak_time":1444,"minecraft:walk_under_water_one_cm":3106,"minecraft:boat_one_cm":52049,"minecraft:jump":1180,"minecraft:walk_on_water_one_cm":6099,"minecraft:total_world_time":50697,"minecraft:fall_one_cm":29424}},"DataVersion":3465}