{"stats":{"minecraft:killed_by":{"minecraft:player":5,"minecraft:creeper":1,"minecraft:skeleton":1,"minecraft:zombie":2},"minecraft:picked_up":{"minecraft:crafting_table":5,"minecraft:coarse_dirt":8,"minecraft:pink_wool":1,"twilightforest:nagastone":1,"minecraft:shield":1,"farmersdelight:cutting_board":2,"minecraft:string":4,"minecraft:moss_carpet":1,"minecraft:iron_axe":1,"minecraft:flint_and_steel":2,"twilightforest:filled_magic_map":2,"minecraft:cracked_stone_bricks":1,"minecraft:gold_nugget":5,"minecraft:spruce_planks":2,"twilightforest:nagastone_head":1,"minecraft:light_weighted_pressure_plate":1,"minecraft:beef":21,"minecraft:oak_boat":4,"twilightforest:naga_scale":8,"minecraft:iron_nugget":71,"minecraft:iron_pickaxe":1,"minecraft:sugar_cane":37,"farmersdelight:golden_knife":1,"minecraft:furnace":1,"minecraft:egg":10,"minecraft:raw_iron":33,"minecraft:torch":16,"minecraft:spruce_fence":1,"minecraft:fire_charge":2,"minecraft:porkchop":3,"minecraft:golden_axe":2,"minecraft:carrot":22,"minecraft:golden_chestplate":1,"minecraft:stone_sword":2,"minecraft:arrow":7,"minecraft:rotten_flesh":29,"minecraft:beetroot_seeds":1,"minecraft:golden_hoe":2,"farmersdelight:rope":16,"mowziesmobs:umvuthana_mask_bliss":2,"supplementaries:ash":42,"minecraft:mutton":2,"minecraft:white_wool":1,"alexsmobs:flying_fish":1,"minecraft:cobblestone":17,"minecraft:feather":1,"minecraft:cooked_beef":1,"minecraft:jungle_log":1,"minecraft:leather":12,"paraglider:spirit_orb":14,"minecraft:packed_mud":1,"minecraft:potato":3,"alexsmobs:bison_fur":1,"farmersdelight:bacon":2,"minecraft:oak_log":10,"supplementaries:flax_seeds":2,"minecraft:dirt":29,"minecraft:paper":6,"nethersdelight:iron_machete":2,"minecraft:coast_armor_trim_smithing_template":2,"minecraft:bone":10,"minecraft:acacia_planks":1,"minecraft:bow":2,"minecraft:wheat_seeds":6,"minecraft:iron_ingot":7,"minecraft:stone_pickaxe":1,"minecraft:oak_planks":3,"cosasodsputouve:orbit_coins":1,"patchouli:guide_book":2,"minecraft:dandelion":1,"minecraft:raw_iron_block":8,"minecraft:sand":38,"alexsmobs:animal_dictionary":2,"minecraft:leather_helmet":1,"supplementaries:clock_block":2,"minecraft:sugar":1,"minecraft:diamond":13,"minecraft:stone_axe":2,"minecraft:painting":3,"minecraft:bread":7,"minecraft:coal":8,"minecraft:wooden_axe":2},"minecraft:crafted":{"minecraft:golden_carrot":2,"minecraft:oak_planks":40,"minecraft:bone_meal":18,"minecraft:iron_axe":1,"minecraft:stone_pickaxe":1,"minecraft:cooked_porkchop":1,"minecraft:crafting_table":1,"minecraft:wooden_pickaxe":1,"minecraft:stone_axe":1,"minecraft:air":0,"minecraft:jungle_planks":4,"farmersdelight:cutting_board":1,"minecraft:oak_boat":1,"minecraft:shield":1,"minecraft:stick":16,"minecraft:iron_pickaxe":1,"minecraft:wooden_axe":1,"farmersdelight:cooked_bacon":2},"minecraft:mined":{"minecraft:spruce_planks":4,"minecraft:deepslate_diamond_ore":7,"minecraft:grass_block":10,"minecraft:spruce_fence":1,"minecraft:jungle_log":1,"minecraft:moss_block":1,"twilightforest:nagastone_head":1,"minecraft:sandstone":3,"minecraft:spawner":4,"minecraft:packed_mud":1,"minecraft:furnace":1,"minecraft:carrots":7,"minecraft:iron_ore":8,"minecraft:fire":3,"minecraft:acacia_stairs":1,"minecraft:moss_carpet":1,"minecraft:oak_stairs":1,"minecraft:vine":2,"minecraft:stone":12,"minecraft:dandelion":2,"minecraft:oak_fence":1,"minecraft:crafting_table":4,"supplementaries:wild_flax":1,"twilightforest:nagastone":1,"minecraft:cobblestone":4,"minecraft:tall_grass":6,"minecraft:oak_planks":2,"minecraft:sugar_cane":4,"minecraft:wall_torch":1,"supplementaries:urn":6,"farmersdelight:wild_beetroots":1,"minecraft:coarse_dirt":11,"farmersdelight:cutting_board":1,"minecraft:grass":18,"minecraft:oak_log":10,"minecraft:coal_ore":7,"minecraft:sunflower":1,"minecraft:dirt":20,"minecraft:sand":41,"minecraft:acacia_planks":3,"supplementaries:clock_block":1,"minecraft:oak_leaves":2,"minecraft:fern":1},"minecraft:used":{"minecraft:moss_carpet":1,"minecraft:shield":17,"minecraft:rotten_flesh":7,"minecraft:torch":6,"twilightforest:ore_map":1,"minecraft:dirt":21,"minecraft:mutton":2,"minecraft:carrot":19,"minecraft:raw_iron_block":4,"minecraft:wooden_axe":8,"minecraft:grass_block":3,"minecraft:iron_axe":84,"minecraft:packed_mud":1,"minecraft:pink_wool":1,"twilightforest:nagastone":1,"farmersdelight:cutting_board":1,"minecraft:golden_carrot":2,"minecraft:bow":7,"minecraft:beef":11,"minecraft:furnace":1,"nethersdelight:iron_machete":10,"minecraft:cooked_beef":1,"minecraft:potato":2,"minecraft:stone_pickaxe":27,"minecraft:oak_planks":8,"minecraft:wooden_pickaxe":8,"minecraft:cracked_stone_bricks":1,"minecraft:white_wool":1,"minecraft:golden_hoe":4,"minecraft:sand":6,"minecraft:crafting_table":4,"minecraft:painting":3,"minecraft:birch_slab":16,"minecraft:bread":9,"minecraft:suspicious_stew":1,"minecraft:iron_pickaxe":31,"twilightforest:nagastone_head":1,"minecraft:stone_axe":78,"farmersdelight:cooked_bacon":1,"minecraft:cobblestone":30,"minecraft:cooked_porkchop":1,"minecraft:porkchop":1,"alexsmobs:animal_dictionary":2,"minecraft:oak_boat":5,"minecraft:dandelion":1,"twilightforest:twilight_oak_chest":2,"minecraft:bone_meal":18,"minecraft:experience_bottle":1},"minecraft:killed":{"twilightforest:squirrel":1,"minecraft:witch":1,"minecraft:spider":2,"alexsmobs:seagull":1,"minecraft:skeleton":9,"twilightforest:naga":1,"alexsmobs:bison":1,"minecraft:pig":1,"alexsmobs:seal":1,"twilightforest:kobold":1,"mowziesmobs:umvuthana_follower_raptor":3,"minecraft:creeper":4,"minecraft:zombie":11,"alexsmobs:mungus":1,"twilightforest:bighorn_sheep":1,"minecraft:cow":3},"minecraft:dropped":{"minecraft:wheat_seeds":2,"minecraft:diamond":1,"minecraft:feather":1,"farmersdelight:cooked_bacon":1,"twilightforest:naga_scale":8,"alexsmobs:bison_fur":1,"minecraft:stick":2,"minecraft:light_weighted_pressure_plate":1,"minecraft:wooden_axe":1,"alexsmobs:flying_fish":1,"minecraft:coast_armor_trim_smithing_template":2,"minecraft:golden_hoe":1,"minecraft:sugar":1,"minecraft:acacia_planks":1,"minecraft:bone":2,"minecraft:stone_axe":3,"alexsmobs:animal_dictionary":2,"cosasodsputouve:orbit_coins":1,"minecraft:bowl":1,"minecraft:oak_planks":4,"minecraft:carrot":3,"patchouli:guide_book":2,"supplementaries:flax_seeds":1,"minecraft:potato":9,"farmersdelight:rope":16,"minecraft:beef":8,"minecraft:stone_pickaxe":2,"minecraft:wooden_pickaxe":1},"minecraft:custom":{"lootr:looted_stat":11,"minecraft:mob_kills":45,"minecraft:interact_with_crafting_table":18,"minecraft:damage_dealt_resisted":18,"minecraft:leave_game":5,"minecraft:time_since_death":1494,"minecraft:climb_one_cm":621,"minecraft:sprint_one_cm":266630,"minecraft:walk_one_cm":214835,"minecraft:damage_blocked_by_shield":105,"minecraft:drop":38,"minecraft:play_time":136808,"minecraft:deaths":11,"minecraft:sneak_time":3222,"minecraft:walk_under_water_one_cm":3967,"minecraft:boat_one_cm":217805,"minecraft:jump":3072,"minecraft:walk_on_water_one_cm":12706,"minecraft:total_world_time":136808,"minecraft:interact_with_furnace":9,"minecraft:time_since_rest":1524,"minecraft:damage_taken":3989,"minecraft:damage_dealt":7576,"minecraft:swim_one_cm":19997,"minecraft:fly_one_cm":1614477,"minecraft:player_kills":2,"minecraft:open_chest":10,"minecraft:crouch_one_cm":8037,"minecraft:fall_one_cm":90262}},"DataVersion":3465}