{"stats":{"minecraft:dropped":{"minecraft:wheat_seeds":2,"minecraft:diamond":1,"minecraft:feather":1,"farmersdelight:cooked_bacon":1,"twilightforest:naga_scale":8,"alexsmobs:bison_fur":1,"minecraft:stick":2,"minecraft:light_weighted_pressure_plate":1,"minecraft:torch":5,"minecraft:wooden_axe":1,"alexsmobs:flying_fish":1,"minecraft:coast_armor_trim_smithing_template":2,"minecraft:gold_nugget":5,"minecraft:golden_hoe":1,"minecraft:sugar":1,"minecraft:acacia_planks":1,"minecraft:bone":2,"minecraft:stone_axe":3,"alexsmobs:animal_dictionary":3,"minecraft:bowl":1,"cosasodsputouve:orbit_coins":1,"minecraft:oak_planks":12,"supplementaries:clock_block":1,"minecraft:carrot":3,"patchouli:guide_book":2,"minecraft:flint_and_steel":1,"supplementaries:flax_seeds":1,"minecraft:potato":9,"farmersdelight:rope":16,"minecraft:wooden_pickaxe":1,"minecraft:beef":8,"minecraft:stone_pickaxe":2},"minecraft:mined":{"minecraft:spruce_planks":4,"minecraft:mossy_cobblestone":8,"minecraft:deepslate_diamond_ore":7,"minecraft:spruce_fence":1,"minecraft:grass_block":12,"minecraft:jungle_log":1,"minecraft:moss_block":1,"twilightforest:nagastone_head":1,"minecraft:sandstone":3,"minecraft:spawner":14,"minecraft:furnace":1,"minecraft:packed_mud":1,"minecraft:carrots":7,"minecraft:iron_ore":8,"minecraft:fire":6,"minecraft:acacia_stairs":1,"minecraft:moss_carpet":1,"minecraft:vine":2,"minecraft:oak_stairs":1,"minecraft:stone":24,"minecraft:dandelion":2,"minecraft:oak_fence":1,"minecraft:crafting_table":5,"supplementaries:wild_flax":1,"minecraft:cobblestone":14,"twilightforest:nagastone":1,"minecraft:tall_grass":6,"minecraft:sugar_cane":4,"minecraft:oak_planks":4,"minecraft:wall_torch":1,"supplementaries:urn":8,"farmersdelight:wild_beetroots":1,"minecraft:coarse_dirt":12,"farmersdelight:cutting_board":1,"minecraft:smooth_stone_slab":6,"minecraft:grass":21,"minecraft:coal_ore":7,"minecraft:oak_log":14,"minecraft:sunflower":1,"minecraft:sand":41,"minecraft:dirt":22,"minecraft:acacia_planks":3,"minecraft:polished_andesite":2,"minecraft:oak_leaves":4,"supplementaries:clock_block":1,"minecraft:fern":1},"minecraft:used":{"minecraft:moss_carpet":1,"minecraft:shield":19,"minecraft:rotten_flesh":12,"minecraft:torch":6,"minecraft:mutton":2,"minecraft:dirt":22,"twilightforest:ore_map":1,"minecraft:carrot":19,"minecraft:raw_iron_block":4,"minecraft:wooden_axe":8,"minecraft:iron_axe":131,"minecraft:grass_block":3,"minecraft:packed_mud":1,"minecraft:pink_wool":1,"twilightforest:nagastone":1,"minecraft:golden_carrot":2,"farmersdelight:cutting_board":2,"minecraft:bow":7,"minecraft:beef":11,"minecraft:furnace":1,"nethersdelight:iron_machete":15,"minecraft:cooked_beef":1,"minecraft:potato":2,"minecraft:water_bucket":5,"minecraft:oak_planks":13,"minecraft:stone_pickaxe":27,"minecraft:wooden_pickaxe":8,"minecraft:cracked_stone_bricks":1,"minecraft:white_wool":1,"minecraft:golden_hoe":4,"minecraft:sand":6,"minecraft:crafting_table":7,"minecraft:painting":3,"minecraft:birch_slab":16,"minecraft:bread":12,"minecraft:iron_pickaxe":89,"minecraft:suspicious_stew":1,"twilightforest:nagastone_head":1,"minecraft:stone_axe":78,"minecraft:diamond_sword":89,"farmersdelight:cooked_bacon":1,"minecraft:cobblestone":30,"minecraft:porkchop":1,"minecraft:cooked_porkchop":1,"minecraft:bucket":5,"alexsmobs:animal_dictionary":2,"minecraft:oak_boat":8,"twilightforest:twilight_oak_chest":2,"minecraft:bone_meal":18,"minecraft:dandelion":1,"minecraft:experience_bottle":1},"minecraft:crafted":{"minecraft:golden_carrot":2,"minecraft:oak_planks":56,"minecraft:bone_meal":18,"minecraft:iron_axe":1,"minecraft:stone_pickaxe":1,"minecraft:cooked_porkchop":1,"minecraft:crafting_table":1,"minecraft:wooden_pickaxe":1,"minecraft:bucket":1,"minecraft:stone_axe":1,"minecraft:air":0,"minecraft:jungle_planks":4,"farmersdelight:cutting_board":1,"minecraft:oak_boat":2,"minecraft:shield":1,"minecraft:stick":16,"minecraft:iron_pickaxe":1,"minecraft:wooden_axe":1,"farmersdelight:cooked_bacon":2},"minecraft:picked_up":{"minecraft:crafting_table":7,"minecraft:coarse_dirt":8,"minecraft:pink_wool":1,"twilightforest:nagastone":1,"minecraft:shield":1,"farmersdelight:cutting_board":2,"minecraft:string":4,"minecraft:moss_carpet":1,"minecraft:iron_axe":3,"minecraft:flint_and_steel":2,"twilightforest:filled_magic_map":2,"minecraft:zombie_head":1,"minecraft:cracked_stone_bricks":1,"minecraft:gold_nugget":5,"minecraft:spruce_planks":2,"twilightforest:nagastone_head":1,"minecraft:light_weighted_pressure_plate":1,"minecraft:beef":21,"minecraft:oak_boat":7,"twilightforest:naga_scale":8,"minecraft:iron_nugget":71,"minecraft:iron_pickaxe":1,"minecraft:sugar_cane":37,"farmersdelight:golden_knife":1,"sons_of_sins:sickle_of_struggle":1,"minecraft:furnace":1,"minecraft:egg":10,"minecraft:raw_iron":33,"minecraft:torch":21,"minecraft:spruce_fence":1,"minecraft:fire_charge":2,"minecraft:porkchop":3,"minecraft:golden_axe":2,"minecraft:carrot":22,"minecraft:golden_chestplate":1,"minecraft:stone_sword":2,"minecraft:arrow":9,"minecraft:rotten_flesh":67,"minecraft:beetroot_seeds":1,"minecraft:golden_hoe":2,"farmersdelight:rope":16,"mowziesmobs:umvuthana_mask_bliss":2,"supplementaries:ash":43,"minecraft:mutton":2,"minecraft:white_wool":1,"alexsmobs:flying_fish":1,"minecraft:cobblestone":17,"minecraft:feather":1,"minecraft:cooked_beef":1,"minecraft:jungle_log":1,"minecraft:leather":12,"minecraft:potato":3,"farmersdelight:bacon":2,"alexsmobs:bison_fur":1,"paraglider:spirit_orb":32,"minecraft:packed_mud":1,"minecraft:oak_log":14,"supplementaries:flax_seeds":2,"minecraft:dirt":30,"minecraft:paper":6,"nethersdelight:iron_machete":3,"minecraft:coast_armor_trim_smithing_template":2,"minecraft:bone":10,"minecraft:acacia_planks":1,"minecraft:bow":2,"minecraft:wheat_seeds":6,"minecraft:iron_ingot":8,"minecraft:stone_pickaxe":1,"minecraft:oak_planks":5,"cosasodsputouve:orbit_coins":1,"patchouli:guide_book":2,"minecraft:dandelion":1,"minecraft:raw_iron_block":8,"minecraft:sand":38,"alexsmobs:animal_dictionary":3,"sons_of_sins:flesh_of_demise":2,"minecraft:leather_helmet":1,"supplementaries:clock_block":3,"minecraft:sugar":1,"minecraft:diamond":13,"minecraft:stone_axe":2,"minecraft:painting":3,"minecraft:bread":12,"minecraft:coal":8,"minecraft:wooden_axe":2},"minecraft:killed_by":{"minecraft:player":7,"minecraft:creeper":1,"minecraft:skeleton":1,"minecraft:zombie":5},"minecraft:broken":{"mowziesmobs:umvuthana_mask_bliss":1},"minecraft:custom":{"lootr:looted_stat":23,"minecraft:mob_kills":83,"minecraft:interact_with_crafting_table":24,"minecraft:damage_dealt_resisted":18,"minecraft:leave_game":21,"minecraft:time_since_death":4214,"minecraft:climb_one_cm":621,"minecraft:sprint_one_cm":360596,"minecraft:walk_one_cm":282097,"minecraft:damage_blocked_by_shield":175,"minecraft:drop":44,"minecraft:talked_to_villager":1,"minecraft:play_time":192666,"minecraft:deaths":17,"minecraft:sneak_time":3853,"minecraft:walk_under_water_one_cm":14753,"minecraft:boat_one_cm":268970,"minecraft:jump":3625,"minecraft:walk_on_water_one_cm":23344,"minecraft:total_world_time":192666,"minecraft:interact_with_furnace":9,"minecraft:time_since_rest":5947,"minecraft:damage_taken":5669,"minecraft:damage_dealt":15473,"minecraft:fly_one_cm":2671555,"minecraft:swim_one_cm":37920,"minecraft:player_kills":2,"minecraft:open_chest":10,"minecraft:crouch_one_cm":9184,"minecraft:fall_one_cm":107062},"minecraft:killed":{"twilightforest:squirrel":1,"minecraft:witch":1,"minecraft:spider":3,"alexsmobs:seagull":1,"minecraft:skeleton":16,"twilightforest:naga":1,"alexsmobs:bison":1,"minecraft:pig":1,"alexsmobs:seal":1,"twilightforest:kobold":1,"mowziesmobs:umvuthana_follower_raptor":3,"minecraft:creeper":5,"minecraft:zombie":37,"sons_of_sins:betrayed_guzzler":2,"alexsmobs:crow":1,"alexsmobs:mungus":1,"twilightforest:bighorn_sheep":1,"minecraft:cow":3}},"DataVersion":3465}