{"stats":{"minecraft:picked_up":{"minecraft:wooden_axe":2,"minecraft:lead":4,"minecraft:diamond_sword":3,"artifacts:chorus_totem":1,"minecraft:potion":1,"sons_of_sins:muscle":1,"farmersdelight:cutting_board":2,"paraglider:goddess_statue":3,"minecraft:string":21,"minecraft:raw_copper":27,"minecraft:red_nether_bricks":3,"minecraft:pufferfish":1,"minecraft:zombie_head":1,"minecraft:tnt_minecart":1,"minecraft:gold_nugget":36,"minecraft:cobbled_deepslate":2,"minecraft:spruce_planks":2,"minecraft:light_weighted_pressure_plate":1,"minecraft:cobblestone_slab":17,"minecraft:written_book":1,"minecraft:iron_pickaxe":1,"minecraft:furnace":1,"minecraft:torch":54,"botania:yellow_mystical_flower":6,"botania:black_mushroom":1,"minecraft:porkchop":3,"minecraft:golden_axe":2,"minecraft:cherry_log":13,"minecraft:golden_chestplate":1,"alexsmobs:centipede_leg":2,"minecraft:stone_sword":2,"friendsandfoes:crab_claw":1,"minecraft:rotten_flesh":86,"supplementaries:antique_ink":3,"farmersdelight:rope":16,"supplementaries:ash":86,"alexsmobs:flying_fish":1,"minecraft:cobblestone":677,"paraglider:paraglider":1,"minecraft:feather":2,"minecraft:cooked_beef":1,"minecraft:andesite":31,"minecraft:water_bucket":1,"minecraft:jungle_log":1,"minecraft:potato":3,"alexsmobs:bison_fur":2,"farmersdelight:bacon":2,"paraglider:spirit_orb":36,"minecraft:tuff":2,"supplementaries:flax_seeds":2,"minecraft:dirt":75,"minecraft:lantern":4,"sons_of_sins:spider_heart":2,"minecraft:bone":28,"minecraft:acacia_planks":1,"minecraft:bow":2,"minecraft:orange_tulip":1,"minecraft:wheat_seeds":12,"minecraft:oak_planks":5,"cosasodsputouve:orbit_coins":1,"patchouli:guide_book":2,"just_in_cave:the_old_miners_pickaxe":1,"minecraft:sand":38,"minecraft:grass_block":1,"alexsmobs:animal_dictionary":4,"minecraft:mossy_cobblestone":2,"sons_of_sins:flesh_of_demise":7,"minecraft:sugar":1,"minecraft:diamond":39,"minecraft:bread":12,"minecraft:emerald":1,"alexsmobs:maggot":1,"supplementaries:gold_door":2,"minecraft:coarse_dirt":8,"minecraft:charcoal":4,"minecraft:shelter_pottery_sherd":1,"minecraft:crafting_table":7,"minecraft:chicken":1,"minecraft:pink_wool":1,"minecraft:gold_block":3,"twilightforest:nagastone":1,"minecraft:shield":1,"minecraft:brick":3,"supplementaries:globe":1,"minecraft:moss_carpet":1,"minecraft:iron_axe":4,"minecraft:flint_and_steel":2,"twilightforest:filled_magic_map":2,"minecraft:blackstone":8,"minecraft:cracked_stone_bricks":1,"twilightforest:nagastone_head":1,"minecraft:beef":27,"minecraft:oak_boat":9,"twilightforest:naga_scale":8,"minecraft:iron_nugget":71,"minecraft:poppy":1,"minecraft:sugar_cane":37,"farmersdelight:golden_knife":1,"minecraft:cherry_button":1,"sons_of_sins:sickle_of_struggle":2,"minecraft:egg":10,"minecraft:raw_iron":41,"botania:purple_mushroom":1,"minecraft:spruce_fence":1,"minecraft:fire_charge":2,"supplementaries:key":3,"minecraft:carrot":23,"minecraft:mangrove_trapdoor":1,"minecraft:arrow":21,"minecraft:beetroot_seeds":1,"minecraft:golden_hoe":2,"botania:apothecary_default":1,"mowziesmobs:umvuthana_mask_bliss":2,"minecraft:mutton":2,"minecraft:skeleton_skull":1,"minecraft:white_wool":1,"minecraft:glow_ink_sac":1,"minecraft:leather":12,"botania:light_gray_mushroom":2,"minecraft:packed_mud":1,"minecraft:oak_log":23,"minecraft:gunpowder":1,"minecraft:cobblestone_stairs":20,"minecraft:paper":6,"botania:light_blue_mystical_flower":4,"nethersdelight:iron_machete":3,"minecraft:coast_armor_trim_smithing_template":2,"minecraft:iron_ingot":8,"minecraft:stone_pickaxe":1,"minecraft:polished_andesite_stairs":2,"minecraft:dandelion":3,"minecraft:raw_iron_block":8,"minecraft:dripstone_block":1,"minecraft:blast_furnace":1,"minecraft:spider_eye":2,"minecraft:leather_helmet":1,"supplementaries:clock_block":3,"minecraft:stone_axe":2,"minecraft:painting":3,"minecraft:cherry_sapling":1,"minecraft:damaged_anvil":2,"minecraft:coal":9,"minecraft:ender_pearl":1},"minecraft:custom":{"lootr:looted_stat":61,"minecraft:interact_with_crafting_table":44,"goblintraders:trade_with_goblin":32,"minecraft:eat_cake_slice":3,"minecraft:leave_game":34,"minecraft:time_since_death":27110,"minecraft:damage_resisted":102,"minecraft:sprint_one_cm":962523,"minecraft:damage_blocked_by_shield":1815,"minecraft:drop":102,"minecraft:talked_to_villager":12,"minecraft:play_time":535108,"minecraft:deaths":45,"minecraft:jump":8404,"minecraft:walk_on_water_one_cm":52932,"minecraft:interact_with_furnace":12,"minecraft:sleep_in_bed":4,"minecraft:damage_dealt":33116,"minecraft:player_kills":12,"minecraft:crouch_one_cm":28563,"minecraft:mob_kills":148,"minecraft:damage_dealt_resisted":18,"minecraft:climb_one_cm":3072,"minecraft:walk_one_cm":791682,"minecraft:sneak_time":9806,"minecraft:walk_under_water_one_cm":25576,"minecraft:boat_one_cm":269852,"minecraft:interact_with_blast_furnace":3,"minecraft:total_world_time":535108,"minecraft:time_since_rest":27134,"minecraft:damage_taken":16551,"minecraft:damage_absorbed":160,"minecraft:swim_one_cm":72507,"minecraft:fly_one_cm":3742939,"minecraft:open_chest":123,"minecraft:fall_one_cm":223705},"minecraft:killed":{"minecraft:cave_spider":1,"minecraft:witch":1,"minecraft:spider":13,"minecraft:skeleton":28,"alexsmobs:centipede_head":2,"artifacts:mimic":1,"minecraft:pig":2,"alexsmobs:seal":1,"minecraft:creeper":6,"friendsandfoes:crab":1,"minecraft:zombie":57,"alexsmobs:mungus":1,"minecraft:cow":3,"twilightforest:squirrel":1,"alexsmobs:seagull":1,"twilightforest:naga":1,"alexsmobs:bison":2,"twilightforest:kobold":1,"mowziesmobs:umvuthana_follower_raptor":3,"sons_of_sins:betrayed_guzzler":6,"alexsmobs:crow":1,"just_in_cave:ghost_minecart":9,"minecraft:enderman":1,"twilightforest:bighorn_sheep":1},"minecraft:mined":{"minecraft:spruce_planks":4,"minecraft:cherry_log":15,"minecraft:cobblestone_stairs":20,"minecraft:grass_block":14,"minecraft:jungle_log":1,"minecraft:spawner":16,"botania:apothecary_default":1,"botania:light_gray_mushroom":2,"minecraft:iron_ore":13,"minecraft:fire":16,"minecraft:moss_carpet":1,"supplementaries:globe":1,"minecraft:oak_stairs":1,"minecraft:blackstone":10,"minecraft:blast_furnace":1,"supplementaries:wild_flax":1,"minecraft:cobblestone":50,"minecraft:sugar_cane":4,"minecraft:oak_planks":4,"minecraft:damaged_anvil":2,"minecraft:wall_torch":1,"farmersdelight:cutting_board":1,"minecraft:orange_tulip":1,"minecraft:smooth_stone_slab":6,"supplementaries:gold_door":2,"minecraft:grass":44,"minecraft:oak_log":22,"minecraft:sand":41,"minecraft:dirt":25,"minecraft:oak_leaves":4,"minecraft:deepslate":5,"supplementaries:clock_block":1,"minecraft:tuff":2,"minecraft:mossy_cobblestone":11,"minecraft:deepslate_diamond_ore":32,"farmersdelight:wild_carrots":1,"minecraft:spruce_fence":1,"minecraft:decorated_pot":1,"minecraft:mangrove_trapdoor":1,"minecraft:moss_block":1,"twilightforest:nagastone_head":1,"minecraft:sandstone":3,"minecraft:packed_mud":1,"minecraft:furnace":1,"minecraft:carrots":7,"minecraft:acacia_stairs":1,"minecraft:andesite":38,"minecraft:gold_block":4,"minecraft:cobblestone_slab":17,"minecraft:vine":2,"minecraft:lantern":2,"minecraft:stone":677,"minecraft:dandelion":3,"minecraft:oak_fence":1,"minecraft:crafting_table":5,"twilightforest:nagastone":1,"minecraft:tall_grass":40,"minecraft:copper_ore":8,"supplementaries:urn":34,"farmersdelight:wild_beetroots":1,"minecraft:coarse_dirt":12,"botania:white_mystical_flower":1,"botania:yellow_mystical_flower":5,"minecraft:coal_ore":7,"minecraft:cherry_leaves":5,"minecraft:sunflower":1,"minecraft:dripstone_block":1,"minecraft:acacia_planks":3,"minecraft:polished_andesite":2,"minecraft:fern":1,"paraglider:goddess_statue":3},"minecraft:killed_by":{"just_in_cave:the_old_miner":2,"minecraft:creeper":2,"sons_of_sins:betrayed_guzzler":1,"minecraft:zombie":5,"minecraft:husk":1,"minecraft:player":19,"minecraft:spider":1,"alexsmobs:centipede_head":2,"minecraft:skeleton":2},"minecraft:dropped":{"minecraft:oak_log":1,"minecraft:diamond":1,"farmersdelight:cooked_bacon":1,"twilightforest:naga_scale":8,"alexsmobs:bison_fur":1,"paraglider:spirit_orb":2,"minecraft:light_weighted_pressure_plate":1,"minecraft:dirt":31,"minecraft:coast_armor_trim_smithing_template":2,"alexsmobs:flying_fish":1,"minecraft:gold_nugget":5,"minecraft:sugar":1,"botania:light_blue_petal":1,"paraglider:paraglider":1,"minecraft:bone":2,"minecraft:stone_axe":3,"minecraft:iron_nugget":64,"alexsmobs:animal_dictionary":4,"cosasodsputouve:orbit_coins":1,"paraglider:goddess_statue":1,"minecraft:rotten_flesh":5,"minecraft:oak_planks":12,"minecraft:carrot":3,"patchouli:guide_book":2,"supplementaries:flax_seeds":1,"supplementaries:ash":1,"minecraft:skeleton_skull":1,"farmersdelight:rope":16,"minecraft:beef":8,"minecraft:written_book":2,"minecraft:iron_ingot":33,"minecraft:water_bucket":2,"minecraft:wheat_seeds":12,"minecraft:mossy_cobblestone":2,"botania:yellow_petal":13,"minecraft:feather":1,"minecraft:golden_axe":1,"minecraft:cobblestone":4,"minecraft:stick":2,"minecraft:torch":10,"botania:magenta_petal":1,"minecraft:wooden_axe":1,"botania:lime_petal":1,"minecraft:potion":1,"minecraft:golden_hoe":1,"minecraft:acacia_planks":1,"supplementaries:key":2,"botania:purple_petal":1,"minecraft:bowl":1,"sophisticatedbackpacks:backpack":1,"supplementaries:clock_block":1,"minecraft:flint_and_steel":1,"minecraft:diamond_sword":1,"minecraft:potato":9,"minecraft:oak_boat":1,"minecraft:red_sand":34,"minecraft:stone_pickaxe":2,"minecraft:wooden_pickaxe":1},"minecraft:used":{"minecraft:moss_carpet":1,"minecraft:writable_book":2,"minecraft:red_sand":3,"minecraft:chest":4,"minecraft:shield":66,"supplementaries:gold_door":2,"minecraft:rotten_flesh":16,"alexsmobs:medium_catfish_bucket":4,"minecraft:mutton":2,"minecraft:carrot":19,"minecraft:tuff":2,"minecraft:lantern":8,"minecraft:grass_block":3,"minecraft:packed_mud":1,"minecraft:cherry_button":3,"minecraft:pink_wool":1,"twilightforest:nagastone":1,"farmersdelight:cutting_board":2,"minecraft:bow":7,"minecraft:furnace":1,"minecraft:gold_block":3,"minecraft:potato":2,"minecraft:damaged_anvil":1,"minecraft:stone_pickaxe":27,"minecraft:oak_planks":18,"minecraft:blackstone":1,"minecraft:wooden_pickaxe":8,"minecraft:white_wool":1,"minecraft:golden_hoe":4,"minecraft:sand":6,"minecraft:blast_furnace":1,"minecraft:dripstone_block":1,"minecraft:birch_slab":16,"minecraft:bread":14,"supplementaries:clock_block":1,"minecraft:diamond_sword":463,"sons_of_sins:sickle_of_struggle":20,"minecraft:andesite":21,"minecraft:oak_boat":10,"twilightforest:twilight_oak_chest":2,"minecraft:bone_meal":18,"minecraft:experience_bottle":1,"minecraft:flint_and_steel":16,"minecraft:torch":11,"minecraft:dirt":35,"minecraft:anvil":1,"twilightforest:ore_map":1,"minecraft:raw_iron_block":4,"minecraft:wooden_axe":10,"alexsmobs:maggot":1,"supplementaries:globe_sepia":1,"minecraft:iron_axe":177,"minecraft:golden_carrot":9,"minecraft:beef":11,"nethersdelight:iron_machete":18,"minecraft:cooked_beef":24,"minecraft:enchanted_golden_apple":1,"minecraft:golden_axe":9,"minecraft:water_bucket":43,"minecraft:cobblestone_stairs":30,"minecraft:lead":1,"minecraft:cobblestone_slab":95,"minecraft:cracked_stone_bricks":1,"minecraft:mangrove_trapdoor":1,"minecraft:crafting_table":10,"supplementaries:bomb":2,"minecraft:painting":3,"botania:apothecary_default":2,"minecraft:apple":1,"minecraft:suspicious_stew":1,"minecraft:iron_pickaxe":928,"twilightforest:nagastone_head":1,"minecraft:stone_axe":78,"farmersdelight:cooked_bacon":1,"minecraft:cobblestone":134,"minecraft:potion":2,"minecraft:porkchop":1,"minecraft:cooked_porkchop":1,"minecraft:bucket":49,"minecraft:pumpkin_pie":1,"alexsmobs:animal_dictionary":2,"minecraft:dandelion":1},"minecraft:broken":{"minecraft:iron_chestplate":1,"mowziesmobs:umvuthana_mask_bliss":1,"minecraft:shield":1,"minecraft:iron_pickaxe":2},"minecraft:crafted":{"minecraft:oak_planks":88,"minecraft:cobblestone_slab":96,"botania:purple_petal":2,"minecraft:cobblestone_stairs":36,"minecraft:diamond_helmet":1,"minecraft:diamond_leggings":1,"minecraft:chest":4,"botania:light_gray_petal":2,"minecraft:cooked_porkchop":1,"minecraft:crafting_table":4,"minecraft:wooden_pickaxe":1,"minecraft:cherry_button":2,"botania:lime_petal":8,"farmersdelight:cutting_board":1,"minecraft:shield":1,"minecraft:stick":28,"minecraft:iron_pickaxe":4,"minecraft:iron_ingot":60,"farmersdelight:cooked_bacon":2,"botania:apothecary_default":1,"minecraft:golden_carrot":2,"minecraft:cherry_planks":52,"minecraft:raw_iron":72,"minecraft:iron_nugget":36,"minecraft:bone_meal":18,"minecraft:lantern":4,"minecraft:iron_axe":1,"minecraft:stone_pickaxe":1,"minecraft:diamond_boots":1,"botania:light_blue_petal":8,"paraglider:paraglider":1,"supplementaries:globe_sepia":1,"botania:yellow_petal":12,"botania:lexicon":1,"minecraft:bucket":1,"minecraft:stone_axe":1,"minecraft:air":0,"minecraft:jungle_planks":4,"minecraft:oak_boat":2,"botania:magenta_petal":2,"minecraft:wooden_axe":1,"minecraft:chipped_anvil":1,"minecraft:anvil":1,"minecraft:diamond_chestplate":1}},"DataVersion":3465}