{"stats":{"minecraft:killed_by":{"minecraft:player":3,"minecraft:zombie":2},"minecraft:picked_up":{"botania:king_key":1,"minecraft:wheat_seeds":1,"minecraft:porkchop":2,"botania:thor_ring":1,"minecraft:mutton":2,"minecraft:white_wool":1},"minecraft:mined":{"minecraft:seagrass":1,"minecraft:grass":4,"minecraft:ice":3,"minecraft:tall_grass":8},"minecraft:used":{"minecraft:mutton":1,"minecraft:porkchop":1},"minecraft:killed":{"minecraft:sheep":1,"minecraft:zombie":2,"minecraft:pig":1,"minecraft:enderman":1},"minecraft:dropped":{"minecraft:wheat_seeds":1},"minecraft:custom":{"minecraft:time_since_rest":3538,"minecraft:crouch_one_cm":276,"minecraft:play_time":10110,"minecraft:sprint_one_cm":12128,"minecraft:deaths":6,"minecraft:damage_taken":1752,"minecraft:walk_one_cm":10142,"minecraft:sneak_time":189,"minecraft:walk_under_water_one_cm":1514,"minecraft:mob_kills":5,"minecraft:drop":1,"minecraft:jump":171,"minecraft:damage_dealt":701,"minecraft:time_since_death":3506,"minecraft:walk_on_water_one_cm":3632,"minecraft:total_world_time":10110,"minecraft:climb_one_cm":3294,"minecraft:swim_one_cm":979,"minecraft:fall_one_cm":7014,"minecraft:fly_one_cm":30006}},"DataVersion":3465}