{"stats":{"minecraft:killed_by":{"minecraft:player":6,"minecraft:zombie":3,"twilightforest:death_tome":1},"minecraft:picked_up":{"minecraft:wooden_axe":1,"minecraft:crafting_table":5,"minecraft:wheat":1,"minecraft:feather":1,"minecraft:golden_carrot":1,"minecraft:chicken":1,"twilightforest:twilight_oak_log":5,"minecraft:golden_pickaxe":1,"minecraft:leather":5,"minecraft:smithing_table":1,"minecraft:wooden_pickaxe":2,"minecraft:packed_mud":1,"minecraft:gunpowder":2,"minecraft:dirt":5,"minecraft:paper":27,"minecraft:smooth_stone_slab":2,"botania:king_key":1,"minecraft:leather_boots":1,"minecraft:bone":13,"minecraft:stone_bricks":1,"minecraft:bow":1,"minecraft:wheat_seeds":11,"minecraft:light_weighted_pressure_plate":1,"minecraft:stone_pickaxe":1,"minecraft:mossy_stone_bricks":2,"minecraft:poppy":1,"minecraft:book":2,"twilightforest:canopy_log":2,"patchouli:guide_book":1,"minecraft:dandelion":9,"minecraft:acacia_log":9,"minecraft:porkchop":5,"minecraft:sand":2,"alexsmobs:animal_dictionary":3,"twilightforest:firefly":1,"minecraft:arrow":4,"minecraft:sugar":1,"minecraft:rotten_flesh":1,"minecraft:stone_axe":1,"minecraft:painting":1,"botania:thor_ring":1,"supplementaries:ash":8,"minecraft:mutton":2,"minecraft:white_wool":1,"alexsmobs:flying_fish":2,"minecraft:cobblestone":26},"minecraft:broken":{"mowziesmobs:umvuthana_mask_bliss":1},"minecraft:crafted":{"minecraft:oak_planks":12,"minecraft:crafting_table":3,"minecraft:iron_sword":1,"minecraft:furnace":2,"minecraft:bucket":2,"minecraft:bread":11,"twilightforest:naga_chestplate":1,"minecraft:shield":2,"twilightforest:twilight_oak_planks":20,"minecraft:iron_axe":1,"minecraft:stick":4,"minecraft:iron_ingot":2,"minecraft:iron_pickaxe":1,"minecraft:acacia_planks":36},"minecraft:mined":{"minecraft:smithing_table":1,"twilightforest:firefly":1,"minecraft:acacia_leaves":2,"minecraft:infested_stone_bricks":1,"minecraft:dandelion":10,"minecraft:crafting_table":5,"minecraft:acacia_log":9,"minecraft:grass_block":4,"minecraft:poppy":1,"minecraft:decorated_pot":1,"twilightforest:twilight_oak_log":5,"minecraft:tall_grass":12,"minecraft:birch_slab":2,"minecraft:moss_block":1,"minecraft:seagrass":1,"farmersdelight:sandy_shrub":1,"minecraft:packed_mud":1,"minecraft:fire":1,"minecraft:ice":3,"twilightforest:twilight_oak_planks":3,"minecraft:grass":32,"minecraft:dirt":1,"minecraft:cracked_stone_bricks":1,"minecraft:stone_bricks":4,"minecraft:stone":26,"minecraft:mossy_stone_bricks":2},"minecraft:used":{"minecraft:mossy_stone_bricks":2,"minecraft:flint_and_steel":1,"minecraft:oak_planks":21,"minecraft:shield":4,"minecraft:iron_sword":47,"supplementaries:slingshot":13,"minecraft:dirt":5,"minecraft:mutton":2,"minecraft:crafting_table":5,"minecraft:painting":1,"minecraft:wooden_axe":1,"minecraft:diamond_pickaxe":8,"twilightforest:twilight_oak_planks":19,"minecraft:packed_mud":1,"minecraft:iron_axe":50,"minecraft:light_weighted_pressure_plate":1,"minecraft:bread":28,"minecraft:iron_pickaxe":26,"minecraft:stone_bricks":1,"minecraft:golden_carrot":10,"minecraft:porkchop":5,"minecraft:bucket":1,"minecraft:acacia_planks":1,"minecraft:dandelion":9},"minecraft:killed":{"minecraft:pig":2,"minecraft:spider":1,"twilightforest:kobold":1,"mowziesmobs:umvuthana_follower_raptor":1,"minecraft:sheep":1,"minecraft:skeleton":7,"minecraft:zombie":8,"friendsandfoes:mauler":1,"minecraft:chicken":1,"twilightforest:death_tome":2,"minecraft:enderman":1},"minecraft:dropped":{"minecraft:wheat_seeds":5,"minecraft:iron_nugget":1,"minecraft:stone_sword":1,"alexsmobs:animal_dictionary":4,"minecraft:golden_pickaxe":1,"minecraft:smooth_stone_slab":2,"minecraft:raw_iron":1,"minecraft:cookie":5,"minecraft:rotten_flesh":1,"minecraft:spruce_fence":1,"patchouli:guide_book":2,"minecraft:stick":1,"minecraft:poppy":1,"minecraft:golden_carrot":1,"twilightforest:firefly":1,"minecraft:wooden_axe":1,"alexsmobs:flying_fish":2,"minecraft:leather_boots":1,"twilightforest:twilight_oak_planks":1,"farmersdelight:onion":2,"minecraft:sand":2,"minecraft:bone":2},"minecraft:custom":{"lootr:looted_stat":6,"minecraft:mob_kills":27,"minecraft:interact_with_crafting_table":9,"minecraft:leave_game":5,"minecraft:time_since_death":10261,"minecraft:climb_one_cm":6245,"minecraft:time_since_rest":10346,"minecraft:sprint_one_cm":164993,"minecraft:walk_one_cm":89540,"minecraft:damage_taken":5730,"minecraft:damage_blocked_by_shield":120,"minecraft:drop":34,"minecraft:damage_dealt":4993,"minecraft:swim_one_cm":13762,"minecraft:fly_one_cm":1989997,"minecraft:player_kills":2,"minecraft:open_chest":1,"minecraft:crouch_one_cm":2915,"minecraft:play_time":63689,"minecraft:deaths":11,"minecraft:sneak_time":1657,"minecraft:walk_under_water_one_cm":5612,"minecraft:jump":1277,"minecraft:walk_on_water_one_cm":5232,"minecraft:total_world_time":63689,"minecraft:fall_one_cm":45185}},"DataVersion":3465}