{"stats":{"minecraft:killed_by":{"minecraft:player":5,"minecraft:zombie":2},"minecraft:picked_up":{"minecraft:wooden_axe":1,"minecraft:crafting_table":2,"minecraft:feather":1,"minecraft:chicken":1,"minecraft:leather":5,"minecraft:smithing_table":1,"minecraft:wooden_pickaxe":2,"minecraft:gunpowder":2,"minecraft:dirt":5,"botania:king_key":1,"minecraft:bone":2,"minecraft:wheat_seeds":4,"minecraft:light_weighted_pressure_plate":1,"minecraft:stone_pickaxe":1,"minecraft:acacia_log":9,"minecraft:porkchop":5,"minecraft:sand":2,"minecraft:rotten_flesh":1,"minecraft:stone_axe":1,"botania:thor_ring":1,"supplementaries:ash":8,"minecraft:mutton":2,"minecraft:white_wool":1,"alexsmobs:flying_fish":1,"minecraft:cobblestone":26},"minecraft:crafted":{"minecraft:oak_planks":12,"minecraft:crafting_table":2,"minecraft:iron_sword":1,"minecraft:furnace":2,"minecraft:bucket":1,"minecraft:bread":6,"minecraft:shield":2,"minecraft:iron_axe":1,"minecraft:stick":4,"minecraft:iron_pickaxe":1,"minecraft:acacia_planks":36},"minecraft:mined":{"minecraft:smithing_table":1,"minecraft:acacia_leaves":2,"minecraft:crafting_table":2,"minecraft:acacia_log":9,"minecraft:grass_block":4,"minecraft:decorated_pot":1,"minecraft:tall_grass":8,"minecraft:seagrass":1,"farmersdelight:sandy_shrub":1,"minecraft:ice":3,"minecraft:grass":20,"minecraft:dirt":1,"minecraft:stone":26},"minecraft:used":{"minecraft:oak_planks":4,"minecraft:iron_sword":6,"supplementaries:slingshot":10,"minecraft:dirt":5,"minecraft:mutton":2,"minecraft:crafting_table":2,"minecraft:wooden_axe":1,"minecraft:iron_axe":13,"minecraft:light_weighted_pressure_plate":1,"minecraft:bread":5,"minecraft:iron_pickaxe":26,"minecraft:golden_carrot":4,"minecraft:porkchop":5,"minecraft:acacia_planks":1},"minecraft:killed":{"minecraft:pig":2,"mowziesmobs:umvuthana_follower_raptor":1,"minecraft:sheep":1,"minecraft:skeleton":1,"minecraft:zombie":3,"friendsandfoes:mauler":1,"minecraft:chicken":1,"minecraft:enderman":1},"minecraft:dropped":{"minecraft:wheat_seeds":1,"minecraft:rotten_flesh":1,"minecraft:wooden_axe":1,"alexsmobs:flying_fish":1,"minecraft:sand":2,"minecraft:bone":2},"minecraft:custom":{"lootr:looted_stat":6,"minecraft:mob_kills":11,"minecraft:interact_with_crafting_table":5,"minecraft:leave_game":4,"minecraft:time_since_death":7227,"minecraft:climb_one_cm":3294,"minecraft:time_since_rest":7264,"minecraft:sprint_one_cm":53262,"minecraft:walk_one_cm":36554,"minecraft:damage_taken":3484,"minecraft:drop":8,"minecraft:damage_dealt":1821,"minecraft:swim_one_cm":9110,"minecraft:fly_one_cm":90081,"minecraft:player_kills":1,"minecraft:crouch_one_cm":691,"minecraft:play_time":26983,"minecraft:deaths":8,"minecraft:sneak_time":340,"minecraft:walk_under_water_one_cm":5008,"minecraft:jump":520,"minecraft:walk_on_water_one_cm":4918,"minecraft:total_world_time":26983,"minecraft:fall_one_cm":18044}},"DataVersion":3465}