{"stats":{"minecraft:killed_by":{"minecraft:player":3},"minecraft:picked_up":{"minecraft:feather":8,"twilightforest:naga_trophy":1,"friendsandfoes:totem_of_illusion":1,"twilightforest:dark_leaves":1,"minecraft:oak_log":10,"minecraft:dirt":4,"minecraft:string":2,"botania:rune_spring":1,"botania:king_key":1,"minecraft:bone":2,"botania:cosmetic_lusitanic_shield":1,"mowziesmobs:foliaath_seed":1,"minecraft:wheat_seeds":3,"minecraft:gold_nugget":1,"botania:purple_mystical_flower":1,"botania:odin_ring":1,"botania:infinite_fruit":1,"supplementaries:rope":1,"botania:flugel_eye":1,"friendsandfoes:totem_of_freezing":1,"minecraft:egg":1,"minecraft:stick":2,"patchouli:guide_book":1,"botania:rune_envy":3,"minecraft:copper_ingot":3,"alexsmobs:fedora":1,"nethersdelight:netherite_machete":1,"minecraft:spider_eye":1,"alexsmobs:animal_dictionary":2,"mowziesmobs:naga_fang":1,"minecraft:rotten_flesh":5,"mowziesmobs:ice_crystal":1,"botania:cosmetic_witch_pin":1,"sons_of_sins:heart":1,"minecraft:blue_ice":1,"twilightforest:arctic_fur":1,"botania:loki_ring":1,"supplementaries:ash":1,"minecraft:chorus_fruit":1,"alexsmobs:lobster_tail":1,"mowziesmobs:grant_suns_blessing":3},"minecraft:broken":{"twilightforest:glass_sword":1},"minecraft:crafted":{"minecraft:oak_planks":40},"minecraft:mined":{"minecraft:grass_block":2,"minecraft:tall_grass":6,"minecraft:grass":2,"minecraft:oak_log":10,"minecraft:dirt":3,"minecraft:oak_leaves":10},"minecraft:used":{"botania:mana_pylon":1,"minecraft:wheat_seeds":2,"twilightforest:squirrel_spawn_egg":2,"twilightforest:fire_beetle_spawn_egg":1,"twilightforest:spiral_bricks":4,"minecraft:flint_and_steel":2,"botania:gray_mystical_flower":1,"minecraft:chorus_fruit":1,"twilightforest:dark_leaves":122,"twilightforest:glass_sword":62,"botania:brown_mystical_flower":1,"botania:black_double_flower":2,"twilightforest:giant_obsidian":1,"twilightforest:swarm_spider_spawn_egg":1,"mowziesmobs:umvuthana_crane_spawn_egg":2,"twilightforest:blockchain_goblin_spawn_egg":1,"minecraft:rotten_flesh":2,"mowziesmobs:umvuthana_raptor_spawn_egg":1,"mowziesmobs:foliaath_spawn_egg":1,"mowziesmobs:naga_spawn_egg":4,"botania:corporea_crystal_cube":2,"minecraft:anvil":1,"minecraft:dirt":4,"minecraft:sand":82,"mowziesmobs:frostmaw_spawn_egg":1,"mowziesmobs:wroughtnaut_spawn_egg":1,"mowziesmobs:lantern_spawn_egg":2,"twilightforest:penguin_spawn_egg":1,"alexsmobs:spawn_egg_dropbear":1,"twilightforest:naga_spawn_egg":2,"mowziesmobs:grottol_spawn_egg":1,"botania:brewery":1,"botania:purple_mystical_flower":5,"minecraft:allay_spawn_egg":2,"twilightforest:yeti_spawn_egg":1,"alexsmobs:spawn_egg_lobster":2,"alexsmobs:spawn_egg_mungus":3,"twilightforest:harbinger_cube_spawn_egg":1,"friendsandfoes:totem_of_illusion":1,"twilightforest:kobold_spawn_egg":1,"minecraft:grass_block":64,"alexsmobs:spawn_egg_cosmaw":1,"twilightforest:troll_spawn_egg":1,"botania:magenta_shiny_flower":10,"alexsmobs:platypus_bucket":2,"alexsmobs:spawn_egg_leafcutter_ant":1,"cfm:stripped_spruce_park_bench":3,"alexsmobs:fedora":2,"botania:gray_double_flower":3,"cfm:stripped_spruce_upgraded_gate":1,"twilightforest:winter_wolf_spawn_egg":1,"cfm:stripped_spruce_upgraded_fence":5,"mowziesmobs:umvuthana_mask_rage":2,"twilightforest:giant_leaves":5,"alexsmobs:hummingbird_feeder":2,"cfm:spruce_park_bench":1,"twilightforest:moonworm_queen":5,"alexsmobs:enderiophage_rocket":10,"cfm:dark_oak_park_bench":1,"alexsmobs:animal_dictionary":1,"twilightforest:yeti_helmet":3,"alexsmobs:spawn_egg_spectre":1,"minecraft:egg":1,"cfm:stripped_oak_park_bench":1,"twilightforest:hollow_oak_log":19},"minecraft:killed":{"twilightforest:penguin":1,"twilightforest:squirrel":1,"alexsmobs:dropbear":1,"friendsandfoes:copper_golem":3,"alexsmobs:lobster":2,"alexsmobs:spectre":1,"minecraft:allay":1,"alexsmobs:cosmaw":1,"twilightforest:harbinger_cube":1,"twilightforest:kobold":1,"twilightforest:troll":1,"mowziesmobs:umvuthana_follower_raptor":4,"minecraft:skeleton":3,"mowziesmobs:ferrous_wroughtnaut":1,"twilightforest:naga":2,"minecraft:zombie":2,"alexsmobs:cachalot_whale":1,"alexsmobs:leafcutter_ant":1,"mowziesmobs:umvuthana_crane":2,"twilightforest:blockchain_goblin":1,"alexsmobs:mungus":2,"minecraft:turtle":1,"mowziesmobs:foliaath":1,"mowziesmobs:umvuthana_raptor":1,"twilightforest:yeti":1,"friendsandfoes:iceologer":1,"mowziesmobs:naga":2},"minecraft:custom":{"minecraft:interact_with_anvil":2,"minecraft:mob_kills":40,"minecraft:leave_game":7,"minecraft:time_since_death":7980,"minecraft:climb_one_cm":14879,"minecraft:time_since_rest":8015,"minecraft:sprint_one_cm":42704,"minecraft:damage_taken":907,"minecraft:walk_one_cm":334339,"minecraft:drop":31,"minecraft:damage_dealt":9713,"minecraft:player_kills":7,"minecraft:swim_one_cm":2696,"minecraft:fly_one_cm":297527,"minecraft:open_chest":5,"minecraft:crouch_one_cm":8836,"minecraft:play_time":129801,"minecraft:deaths":4,"minecraft:sneak_time":6123,"minecraft:walk_under_water_one_cm":16440,"minecraft:jump":751,"minecraft:walk_on_water_one_cm":7106,"minecraft:total_world_time":129801,"minecraft:fall_one_cm":4539},"minecraft:dropped":{"botania:cosmetic_lusitanic_shield":1,"minecraft:wheat_seeds":3,"alexsmobs:animal_dictionary":2,"botania:king_key":1,"mowziesmobs:grant_suns_blessing":2,"twilightforest:naga_scale":8,"twilightforest:naga_spawn_egg":1,"botania:dice":1,"patchouli:guide_book":1,"botania:cosmetic_witch_pin":1,"sons_of_sins:heart":1,"twilightforest:lamp_of_cinders":1,"minecraft:spider_eye":1,"botania:cosmetic_devil_horns":1,"nethersdelight:netherite_machete":1,"twilightforest:dark_leaves":1,"minecraft:string":2,"botania:cosmetic_alien_antenna":1,"minecraft:bone":1}},"DataVersion":3465}