{"stats":{"minecraft:custom":{"minecraft:time_since_rest":32157,"minecraft:walk_one_cm":121692,"minecraft:sprint_one_cm":6066,"minecraft:damage_taken":190,"minecraft:mob_kills":17,"minecraft:interact_with_anvil":2,"minecraft:drop":5,"minecraft:damage_dealt":3846,"minecraft:player_kills":3,"minecraft:fly_one_cm":61099,"minecraft:crouch_one_cm":420,"minecraft:play_time":32157,"minecraft:sneak_time":624,"minecraft:jump":98,"minecraft:leave_game":1,"minecraft:walk_on_water_one_cm":3551,"minecraft:time_since_death":32157,"minecraft:climb_one_cm":8473,"minecraft:total_world_time":32157,"minecraft:fall_one_cm":1275},"minecraft:broken":{"twilightforest:glass_sword":1},"minecraft:killed":{"alexsmobs:dropbear":1,"friendsandfoes:copper_golem":3,"mowziesmobs:ferrous_wroughtnaut":1,"alexsmobs:spectre":1,"alexsmobs:leafcutter_ant":1,"mowziesmobs:umvuthana_crane":1,"alexsmobs:cosmaw":1,"alexsmobs:mungus":2,"mowziesmobs:umvuthana_follower_raptor":4,"mowziesmobs:umvuthana_raptor":1,"friendsandfoes:iceologer":1},"minecraft:picked_up":{"minecraft:feather":6,"minecraft:copper_ingot":3,"alexsmobs:fedora":1,"nethersdelight:netherite_machete":1,"twilightforest:dark_leaves":1,"minecraft:spider_eye":1,"minecraft:string":2,"minecraft:rotten_flesh":2,"minecraft:wheat_seeds":2,"minecraft:blue_ice":1,"supplementaries:rope":1,"minecraft:chorus_fruit":1,"friendsandfoes:totem_of_freezing":1},"minecraft:dropped":{"minecraft:spider_eye":1,"nethersdelight:netherite_machete":1,"minecraft:string":2,"twilightforest:dark_leaves":1},"minecraft:used":{"minecraft:wheat_seeds":2,"alexsmobs:spawn_egg_mungus":3,"alexsmobs:spawn_egg_cosmaw":1,"twilightforest:dark_leaves":87,"twilightforest:glass_sword":23,"alexsmobs:platypus_bucket":2,"botania:brown_mystical_flower":1,"alexsmobs:spawn_egg_leafcutter_ant":1,"alexsmobs:fedora":1,"minecraft:rotten_flesh":1,"mowziesmobs:umvuthana_raptor_spawn_egg":1,"mowziesmobs:umvuthana_crane_spawn_egg":1,"mowziesmobs:umvuthana_mask_rage":2,"minecraft:anvil":1,"mowziesmobs:lantern_spawn_egg":1,"mowziesmobs:wroughtnaut_spawn_egg":1,"alexsmobs:spawn_egg_dropbear":1,"twilightforest:yeti_helmet":2,"alexsmobs:spawn_egg_spectre":1,"twilightforest:hollow_oak_log":19}},"DataVersion":3465}