{"stats":{"minecraft:killed_by":{"minecraft:player":3},"minecraft:picked_up":{"minecraft:crafting_table":3,"twilightforest:naga_trophy":1,"friendsandfoes:totem_of_illusion":1,"minecraft:gold_block":2,"minecraft:string":2,"botania:rune_spring":1,"botania:king_key":1,"minecraft:gold_nugget":1,"minecraft:beef":5,"supplementaries:rope":1,"minecraft:egg":1,"minecraft:stick":2,"minecraft:raw_iron":7,"botania:rune_envy":3,"minecraft:copper_ingot":3,"alexsmobs:fedora":1,"minecraft:porkchop":3,"nethersdelight:netherite_machete":1,"minecraft:diorite":1,"minecraft:rotten_flesh":5,"sons_of_sins:heart":1,"mowziesmobs:ice_crystal":1,"supplementaries:ash":1,"alexsmobs:lobster_tail":1,"minecraft:cobblestone":23,"mowziesmobs:grant_suns_blessing":3,"minecraft:feather":8,"minecraft:leather":3,"twilightforest:dark_leaves":1,"minecraft:oak_log":10,"supplementaries:flax_seeds":1,"farmersdelight:cooked_bacon":1,"minecraft:dirt":10,"botania:cosmetic_lusitanic_shield":1,"minecraft:bone":2,"mowziesmobs:foliaath_seed":1,"minecraft:wheat_seeds":3,"botania:purple_mystical_flower":1,"botania:odin_ring":1,"minecraft:stone_pickaxe":1,"botania:infinite_fruit":1,"botania:flugel_eye":1,"friendsandfoes:totem_of_freezing":1,"patchouli:guide_book":1,"minecraft:spider_eye":1,"alexsmobs:animal_dictionary":2,"mowziesmobs:naga_fang":1,"botania:cosmetic_witch_pin":1,"minecraft:blue_ice":1,"twilightforest:arctic_fur":1,"botania:loki_ring":1,"minecraft:netherrack":1,"minecraft:chorus_fruit":1,"minecraft:coal":16},"minecraft:broken":{"twilightforest:glass_sword":1},"minecraft:crafted":{"minecraft:oak_planks":40,"minecraft:furnace":1,"minecraft:stone_pickaxe":1,"minecraft:cooked_beef":4,"minecraft:crafting_table":1,"minecraft:wooden_pickaxe":1,"nethersdelight:iron_machete":2,"minecraft:air":0,"minecraft:shield":1,"minecraft:stick":12,"minecraft:iron_ingot":8,"minecraft:iron_pickaxe":1,"minecraft:wooden_axe":1,"supplementaries:clock_block":1,"minecraft:torch":16},"minecraft:mined":{"minecraft:grass_block":2,"minecraft:iron_ore":7,"minecraft:gold_block":2,"minecraft:stone":21,"minecraft:crafting_table":3,"supplementaries:wild_flax":1,"minecraft:cobblestone":2,"minecraft:tall_grass":6,"minecraft:diorite":1,"minecraft:grass":3,"minecraft:coal_ore":17,"minecraft:oak_log":10,"minecraft:dirt":7,"minecraft:netherrack":1,"minecraft:oak_leaves":10},"minecraft:used":{"botania:mana_pylon":1,"twilightforest:squirrel_spawn_egg":2,"twilightforest:spiral_bricks":4,"minecraft:flint_and_steel":2,"twilightforest:dark_leaves":122,"twilightforest:glass_sword":65,"twilightforest:giant_obsidian":1,"twilightforest:swarm_spider_spawn_egg":1,"mowziesmobs:umvuthana_crane_spawn_egg":2,"twilightforest:blockchain_goblin_spawn_egg":1,"minecraft:rotten_flesh":2,"mowziesmobs:umvuthana_raptor_spawn_egg":1,"minecraft:netherrack":1,"minecraft:torch":6,"minecraft:dirt":9,"minecraft:anvil":1,"mowziesmobs:frostmaw_spawn_egg":1,"mowziesmobs:lantern_spawn_egg":2,"mowziesmobs:wroughtnaut_spawn_egg":1,"twilightforest:penguin_spawn_egg":1,"twilightforest:naga_spawn_egg":2,"botania:purple_mystical_flower":5,"minecraft:allay_spawn_egg":2,"minecraft:wooden_axe":15,"alexsmobs:spawn_egg_mungus":3,"friendsandfoes:totem_of_illusion":1,"twilightforest:kobold_spawn_egg":1,"minecraft:grass_block":64,"twilightforest:troll_spawn_egg":1,"botania:magenta_shiny_flower":10,"alexsmobs:platypus_bucket":2,"alexsmobs:spawn_egg_leafcutter_ant":1,"alexsmobs:fedora":2,"botania:gray_double_flower":3,"cfm:stripped_spruce_upgraded_fence":5,"mowziesmobs:umvuthana_mask_rage":2,"twilightforest:giant_leaves":5,"minecraft:beef":1,"alexsmobs:hummingbird_feeder":2,"alexsmobs:enderiophage_rocket":10,"twilightforest:moonworm_queen":5,"minecraft:furnace":1,"nethersdelight:iron_machete":12,"twilightforest:yeti_helmet":3,"alexsmobs:spawn_egg_spectre":1,"minecraft:egg":1,"minecraft:cooked_beef":2,"cfm:stripped_oak_park_bench":1,"twilightforest:hollow_oak_log":19,"minecraft:wheat_seeds":2,"twilightforest:fire_beetle_spawn_egg":1,"botania:gray_mystical_flower":1,"minecraft:chorus_fruit":1,"minecraft:stone_pickaxe":35,"minecraft:wooden_pickaxe":14,"botania:brown_mystical_flower":1,"botania:black_double_flower":2,"mowziesmobs:foliaath_spawn_egg":1,"mowziesmobs:naga_spawn_egg":4,"botania:corporea_crystal_cube":2,"minecraft:sand":82,"minecraft:crafting_table":4,"alexsmobs:spawn_egg_dropbear":1,"mowziesmobs:grottol_spawn_egg":1,"botania:brewery":1,"twilightforest:yeti_spawn_egg":1,"alexsmobs:spawn_egg_lobster":2,"twilightforest:harbinger_cube_spawn_egg":1,"alexsmobs:spawn_egg_cosmaw":1,"minecraft:iron_pickaxe":2,"supplementaries:clock_block":1,"cfm:stripped_spruce_park_bench":3,"minecraft:golden_leggings":1,"twilightforest:winter_wolf_spawn_egg":1,"farmersdelight:cooked_bacon":1,"cfm:stripped_spruce_upgraded_gate":1,"minecraft:cobblestone":11,"cfm:spruce_park_bench":1,"cfm:dark_oak_park_bench":1,"minecraft:porkchop":3,"alexsmobs:animal_dictionary":1},"minecraft:killed":{"twilightforest:squirrel":1,"alexsmobs:dropbear":1,"alexsmobs:lobster":2,"alexsmobs:spectre":1,"minecraft:allay":1,"minecraft:spider":1,"alexsmobs:cosmaw":1,"twilightforest:harbinger_cube":1,"twilightforest:troll":1,"minecraft:skeleton":3,"mowziesmobs:ferrous_wroughtnaut":1,"twilightforest:naga":2,"alexsmobs:leafcutter_ant":1,"mowziesmobs:umvuthana_crane":2,"twilightforest:blockchain_goblin":1,"minecraft:turtle":1,"mowziesmobs:foliaath":1,"friendsandfoes:iceologer":1,"twilightforest:penguin":1,"friendsandfoes:copper_golem":3,"minecraft:pig":1,"alexsmobs:seal":3,"twilightforest:kobold":1,"mowziesmobs:umvuthana_follower_raptor":4,"minecraft:zombie":4,"alexsmobs:cachalot_whale":1,"alexsmobs:mungus":2,"mowziesmobs:umvuthana_raptor":1,"twilightforest:yeti":1,"minecraft:cow":2,"mowziesmobs:naga":2},"minecraft:dropped":{"minecraft:wheat_seeds":3,"botania:king_key":1,"mowziesmobs:grant_suns_blessing":2,"nethersdelight:iron_machete":1,"twilightforest:naga_scale":8,"botania:dice":1,"botania:cosmetic_witch_pin":1,"sons_of_sins:heart":1,"twilightforest:lamp_of_cinders":1,"nethersdelight:netherite_machete":1,"minecraft:string":2,"twilightforest:dark_leaves":1,"minecraft:bone":1,"botania:cosmetic_lusitanic_shield":1,"alexsmobs:animal_dictionary":2,"minecraft:oak_planks":2,"twilightforest:naga_spawn_egg":1,"patchouli:guide_book":1,"minecraft:spider_eye":1,"minecraft:stone_pickaxe":1,"botania:cosmetic_devil_horns":1,"botania:cosmetic_alien_antenna":1},"minecraft:custom":{"lootr:looted_stat":1,"minecraft:mob_kills":49,"minecraft:interact_with_anvil":2,"minecraft:interact_with_crafting_table":11,"minecraft:leave_game":8,"minecraft:time_since_death":28221,"minecraft:climb_one_cm":15293,"minecraft:sprint_one_cm":65889,"minecraft:walk_one_cm":379817,"minecraft:drop":34,"minecraft:talked_to_villager":1,"minecraft:play_time":150042,"minecraft:deaths":4,"minecraft:sneak_time":6200,"minecraft:walk_under_water_one_cm":17692,"minecraft:boat_one_cm":38762,"minecraft:jump":1047,"minecraft:walk_on_water_one_cm":13117,"minecraft:total_world_time":150042,"minecraft:interact_with_furnace":10,"minecraft:time_since_rest":28256,"minecraft:damage_taken":1193,"minecraft:damage_dealt":10967,"minecraft:player_kills":7,"minecraft:fly_one_cm":344233,"minecraft:swim_one_cm":4247,"minecraft:open_chest":5,"minecraft:crouch_one_cm":9062,"minecraft:fall_one_cm":11982}},"DataVersion":3465}