{"stats":{"minecraft:custom":{"minecraft:jump":28,"minecraft:time_since_rest":4113,"minecraft:damage_dealt":10,"minecraft:sprint_one_cm":3072,"minecraft:play_time":4113,"minecraft:damage_taken":110,"minecraft:time_since_death":4113,"minecraft:walk_one_cm":17512,"minecraft:sneak_time":14,"minecraft:climb_one_cm":2680,"minecraft:total_world_time":4113,"minecraft:fall_one_cm":1066,"minecraft:fly_one_cm":5888},"minecraft:picked_up":{"minecraft:wheat_seeds":2},"minecraft:used":{"minecraft:wheat_seeds":2}},"DataVersion":3465}