{"stats":{"minecraft:custom":{"minecraft:time_since_rest":16113,"minecraft:crouch_one_cm":252,"minecraft:play_time":16113,"minecraft:sprint_one_cm":5322,"minecraft:damage_taken":190,"minecraft:walk_one_cm":62888,"minecraft:sneak_time":322,"minecraft:mob_kills":3,"minecraft:drop":4,"minecraft:jump":60,"minecraft:damage_dealt":618,"minecraft:time_since_death":16113,"minecraft:walk_on_water_one_cm":2299,"minecraft:total_world_time":16113,"minecraft:climb_one_cm":5894,"minecraft:fall_one_cm":1066,"minecraft:fly_one_cm":11321},"minecraft:killed":{"friendsandfoes:copper_golem":3},"minecraft:picked_up":{"minecraft:copper_ingot":3,"minecraft:wheat_seeds":2,"alexsmobs:fedora":1,"twilightforest:dark_leaves":1,"minecraft:spider_eye":1,"minecraft:string":2},"minecraft:dropped":{"minecraft:spider_eye":1,"minecraft:string":2,"twilightforest:dark_leaves":1},"minecraft:used":{"minecraft:wheat_seeds":2,"minecraft:anvil":1,"twilightforest:glass_sword":3,"alexsmobs:platypus_bucket":1,"twilightforest:dark_leaves":86,"botania:brown_mystical_flower":1,"twilightforest:hollow_oak_log":19}},"DataVersion":3465}