{"stats":{"minecraft:killed_by":{"minecraft:zombie":2,"minecraft:player":5,"minecraft:skeleton":1},"minecraft:picked_up":{"twilightforest:naga_trophy":1,"minecraft:oak_stairs":6,"minecraft:string":13,"botania:king_key":1,"minecraft:cobbled_deepslate":1,"minecraft:gold_nugget":1,"twilightforest:firefly_jar":1,"minecraft:stick":5,"minecraft:oak_fence":1,"minecraft:torch":31,"botania:black_mushroom":1,"alexsmobs:fedora":1,"minecraft:porkchop":10,"minecraft:diorite":1,"minecraft:rotten_flesh":9,"farmersdelight:onion":3,"sons_of_sins:heart":1,"alexsmobs:emu_egg":1,"supplementaries:ash":18,"alexsmobs:lobster_tail":1,"alexsmobs:flying_fish":2,"minecraft:cobblestone":302,"minecraft:feather":13,"minecraft:potato":6,"alexsmobs:bison_fur":3,"paraglider:spirit_orb":6,"twilightforest:dark_leaves":1,"farmersdelight:cooked_bacon":1,"supplementaries:flax_seeds":3,"minecraft:dirt":110,"botania:cosmetic_lusitanic_shield":1,"minecraft:bone":13,"minecraft:wheat_seeds":26,"botania:purple_mystical_flower":1,"botania:odin_ring":1,"minecraft:moss_block":3,"minecraft:oak_planks":1,"botania:flugel_eye":1,"friendsandfoes:totem_of_freezing":1,"patchouli:guide_book":3,"minecraft:sand":60,"minecraft:ink_sac":6,"alexsmobs:animal_dictionary":2,"minecraft:polished_andesite":1,"minecraft:diamond":3,"botania:cosmetic_witch_pin":1,"minecraft:blue_ice":1,"minecraft:emerald":6,"twilightforest:arctic_fur":1,"alexsmobs:maggot":2,"botania:loki_ring":1,"minecraft:chorus_fruit":1,"minecraft:netherrack":1,"minecraft:crafting_table":4,"friendsandfoes:totem_of_illusion":1,"minecraft:gold_block":4,"twilightforest:nagastone":2,"supplementaries:globe":1,"botania:rune_spring":1,"minecraft:beef":19,"minecraft:oak_boat":2,"twilightforest:naga_scale":8,"minecraft:iron_nugget":3,"minecraft:sugar_cane":3,"supplementaries:rope":1,"minecraft:egg":1,"minecraft:raw_iron":20,"botania:rune_envy":3,"minecraft:copper_ingot":3,"botania:purple_mushroom":1,"minecraft:spruce_fence":3,"nethersdelight:netherite_machete":1,"minecraft:cookie":5,"minecraft:carrot":13,"twilightforest:firefly":2,"minecraft:arrow":14,"minecraft:golden_hoe":1,"twilightforest:etched_nagastone":1,"mowziesmobs:ice_crystal":1,"minecraft:mutton":3,"minecraft:white_wool":1,"mowziesmobs:grant_suns_blessing":3,"minecraft:golden_carrot":1,"minecraft:leather":10,"minecraft:oak_log":58,"minecraft:paper":20,"botania:light_blue_mystical_flower":1,"nethersdelight:iron_machete":1,"minecraft:coast_armor_trim_smithing_template":1,"mowziesmobs:foliaath_seed":1,"minecraft:stone_pickaxe":1,"botania:infinite_fruit":1,"botania:purple_double_flower":1,"minecraft:dandelion":6,"minecraft:gravel":9,"minecraft:spider_eye":5,"mowziesmobs:naga_fang":1,"twilightforest:raven_feather":1,"minecraft:coal":35},"minecraft:broken":{"minecraft:golden_leggings":1,"twilightforest:glass_sword":1,"minecraft:iron_pickaxe":1},"minecraft:crafted":{"minecraft:oak_planks":72,"minecraft:cooked_mutton":3,"minecraft:iron_boots":1,"minecraft:chest":2,"sophisticatedbackpacks:backpack":1,"minecraft:crafting_table":2,"minecraft:wooden_pickaxe":1,"minecraft:iron_helmet":1,"minecraft:shield":1,"minecraft:stick":12,"minecraft:iron_ingot":30,"minecraft:iron_pickaxe":1,"minecraft:gold_ingot":6,"minecraft:furnace":2,"minecraft:stone_pickaxe":1,"sophisticatedbackpacks:iron_backpack":1,"minecraft:cooked_beef":11,"nethersdelight:iron_machete":2,"minecraft:air":0,"minecraft:oak_stairs":8,"minecraft:wooden_axe":2,"supplementaries:clock_block":1,"minecraft:torch":16},"minecraft:mined":{"botania:black_mushroom":1,"minecraft:grass_block":11,"minecraft:spawner":3,"minecraft:iron_ore":19,"supplementaries:globe":1,"minecraft:dirt_path":5,"minecraft:oak_stairs":6,"botania:light_blue_mystical_flower":1,"minecraft:blackstone":2,"botania:purple_double_flower":1,"supplementaries:wild_flax":1,"minecraft:cobblestone":8,"minecraft:sugar_cane":1,"minecraft:oak_planks":2,"minecraft:wall_torch":3,"minecraft:seagrass":1,"minecraft:grass":58,"minecraft:oak_log":57,"minecraft:dirt":15,"minecraft:sand":37,"minecraft:netherrack":1,"minecraft:oak_leaves":11,"twilightforest:firefly":1,"minecraft:deepslate_diamond_ore":3,"botania:purple_mushroom":1,"minecraft:carrots":2,"minecraft:gold_block":3,"twilightforest:firefly_jar":1,"minecraft:stone":291,"minecraft:crafting_table":4,"botania:yellow_double_flower":1,"minecraft:tall_grass":42,"twilightforest:nagastone":2,"twilightforest:mayapple":1,"minecraft:diorite":1,"supplementaries:urn":22,"minecraft:coal_ore":36,"minecraft:gravel":11,"minecraft:polished_andesite":1,"minecraft:fern":1},"minecraft:used":{"alexsmobs:emu_egg":1,"botania:mana_pylon":1,"minecraft:moss_block":3,"twilightforest:spiral_bricks":4,"minecraft:chest":1,"minecraft:shield":25,"twilightforest:giant_obsidian":1,"twilightforest:blockchain_goblin_spawn_egg":1,"minecraft:rotten_flesh":2,"supplementaries:globe":2,"mowziesmobs:wroughtnaut_spawn_egg":1,"mowziesmobs:frostmaw_spawn_egg":1,"mowziesmobs:lantern_spawn_egg":2,"twilightforest:penguin_spawn_egg":1,"minecraft:carrot":29,"botania:black_mushroom":1,"alexsmobs:spawn_egg_mungus":3,"friendsandfoes:totem_of_illusion":1,"twilightforest:kobold_spawn_egg":1,"minecraft:grass_block":64,"botania:magenta_shiny_flower":10,"alexsmobs:spawn_egg_leafcutter_ant":1,"mowziesmobs:umvuthana_mask_rage":2,"minecraft:furnace":2,"minecraft:cooked_cod":13,"twilightforest:yeti_helmet":3,"alexsmobs:spawn_egg_spectre":1,"minecraft:egg":1,"minecraft:potato":31,"twilightforest:hollow_oak_log":19,"botania:gray_mystical_flower":1,"minecraft:chorus_fruit":1,"minecraft:stone_pickaxe":35,"minecraft:oak_planks":5,"minecraft:wooden_pickaxe":14,"minecraft:sugar_cane":3,"mowziesmobs:naga_spawn_egg":4,"minecraft:cookie":5,"botania:corporea_crystal_cube":2,"minecraft:sand":82,"alexsmobs:spawn_egg_dropbear":1,"mowziesmobs:grottol_spawn_egg":1,"botania:brewery":1,"minecraft:bread":4,"alexsmobs:spawn_egg_cosmaw":1,"supplementaries:clock_block":1,"cfm:stripped_spruce_park_bench":3,"twilightforest:winter_wolf_spawn_egg":1,"cfm:stripped_spruce_upgraded_gate":1,"cfm:dark_oak_park_bench":1,"twilightforest:squirrel_spawn_egg":2,"minecraft:flint_and_steel":2,"twilightforest:dark_leaves":122,"twilightforest:glass_sword":84,"twilightforest:swarm_spider_spawn_egg":1,"mowziesmobs:umvuthana_raptor_spawn_egg":1,"mowziesmobs:umvuthana_crane_spawn_egg":2,"minecraft:netherrack":1,"minecraft:torch":42,"minecraft:dirt":22,"minecraft:anvil":1,"twilightforest:naga_spawn_egg":2,"botania:purple_mystical_flower":5,"minecraft:allay_spawn_egg":2,"minecraft:wooden_axe":79,"minecraft:oak_stairs":9,"twilightforest:troll_spawn_egg":1,"alexsmobs:platypus_bucket":2,"minecraft:iron_boots":1,"alexsmobs:fedora":2,"botania:gray_double_flower":3,"cfm:stripped_spruce_upgraded_fence":5,"alexsmobs:enderiophage_rocket":10,"minecraft:golden_carrot":1,"twilightforest:giant_leaves":5,"minecraft:beef":5,"alexsmobs:hummingbird_feeder":2,"twilightforest:moonworm_queen":5,"nethersdelight:iron_machete":254,"minecraft:cooked_beef":3,"minecraft:cobbled_deepslate":1,"cfm:stripped_oak_park_bench":1,"minecraft:wheat_seeds":2,"twilightforest:fire_beetle_spawn_egg":1,"botania:brown_mystical_flower":1,"botania:black_double_flower":2,"mowziesmobs:foliaath_spawn_egg":1,"minecraft:crafting_table":6,"twilightforest:yeti_spawn_egg":1,"alexsmobs:spawn_egg_lobster":2,"minecraft:oak_log":6,"twilightforest:harbinger_cube_spawn_egg":1,"minecraft:iron_pickaxe":343,"minecraft:map":1,"twilightforest:firefly_jar":1,"minecraft:golden_leggings":1,"farmersdelight:cooked_bacon":1,"minecraft:cobblestone":40,"cfm:spruce_park_bench":1,"minecraft:porkchop":10,"alexsmobs:animal_dictionary":1,"minecraft:dandelion":1},"minecraft:killed":{"twilightforest:boar":3,"alexsmobs:lobster":2,"minecraft:spider":6,"twilightforest:harbinger_cube":1,"twilightforest:troll":1,"minecraft:pufferfish":1,"minecraft:skeleton":7,"alexsmobs:leafcutter_ant":1,"mowziesmobs:umvuthana_crane":2,"minecraft:silverfish":8,"minecraft:turtle":1,"mowziesmobs:foliaath":1,"minecraft:pig":1,"alexsmobs:seal":3,"twilightforest:raven":1,"twilightforest:skeleton_druid":3,"minecraft:sheep":1,"minecraft:zombie":15,"alexsmobs:cachalot_whale":1,"alexsmobs:fly":2,"alexsmobs:mungus":2,"mowziesmobs:umvuthana_raptor":2,"minecraft:cow":8,"mowziesmobs:naga":2,"twilightforest:squirrel":1,"alexsmobs:dropbear":1,"alexsmobs:spectre":1,"minecraft:allay":1,"alexsmobs:cosmaw":1,"alexsmobs:tasmanian_devil":2,"minecraft:slime":3,"mowziesmobs:ferrous_wroughtnaut":1,"twilightforest:naga":2,"twilightforest:blockchain_goblin":1,"twilightforest:death_tome":5,"friendsandfoes:iceologer":1,"twilightforest:penguin":1,"friendsandfoes:copper_golem":3,"twilightforest:kobold":1,"mowziesmobs:umvuthana_follower_raptor":7,"twilightforest:yeti":1,"twilightforest:bighorn_sheep":1},"minecraft:dropped":{"minecraft:oak_log":17,"minecraft:leather":6,"twilightforest:naga_scale":16,"botania:dice":1,"alexsmobs:bison_fur":3,"minecraft:light_weighted_pressure_plate":1,"minecraft:gold_block":1,"minecraft:dirt":83,"alexsmobs:flying_fish":1,"minecraft:sand":60,"nethersdelight:netherite_machete":1,"minecraft:white_wool":1,"minecraft:bone":10,"botania:purple_double_flower":1,"minecraft:iron_nugget":3,"alexsmobs:animal_dictionary":2,"minecraft:rotten_flesh":4,"minecraft:oak_planks":2,"patchouli:guide_book":3,"supplementaries:flax_seeds":3,"supplementaries:ash":17,"minecraft:arrow":5,"botania:cosmetic_devil_horns":1,"botania:cosmetic_alien_antenna":1,"farmersdelight:tomato_seeds":1,"minecraft:wheat_seeds":25,"botania:king_key":1,"mowziesmobs:grant_suns_blessing":2,"nethersdelight:iron_machete":2,"minecraft:oak_fence":1,"minecraft:feather":5,"minecraft:cobblestone":4,"minecraft:polished_andesite":1,"botania:light_blue_mystical_flower":1,"botania:cosmetic_witch_pin":1,"minecraft:diorite":1,"minecraft:ink_sac":6,"sons_of_sins:heart":1,"twilightforest:lamp_of_cinders":1,"twilightforest:raven_feather":1,"minecraft:string":4,"twilightforest:dark_leaves":1,"minecraft:dandelion":5,"botania:cosmetic_lusitanic_shield":1,"botania:purple_mushroom":1,"twilightforest:naga_spawn_egg":1,"minecraft:spruce_fence":3,"minecraft:filled_map":1,"minecraft:spider_eye":3,"minecraft:stone_pickaxe":1,"minecraft:wooden_pickaxe":1},"minecraft:custom":{"lootr:looted_stat":14,"minecraft:interact_with_crafting_table":28,"minecraft:open_barrel":3,"minecraft:leave_game":17,"minecraft:time_since_death":73154,"minecraft:sprint_one_cm":363066,"minecraft:damage_blocked_by_shield":755,"minecraft:drop":112,"minecraft:talked_to_villager":4,"minecraft:play_time":296172,"minecraft:deaths":9,"minecraft:jump":3546,"minecraft:walk_on_water_one_cm":30938,"minecraft:interact_with_furnace":33,"minecraft:damage_dealt":20278,"minecraft:player_kills":12,"minecraft:crouch_one_cm":10201,"minecraft:interact_with_smithing_table":1,"minecraft:mob_kills":109,"minecraft:interact_with_anvil":2,"minecraft:damage_dealt_resisted":10,"minecraft:climb_one_cm":18521,"minecraft:walk_one_cm":774932,"minecraft:sneak_time":7363,"minecraft:walk_under_water_one_cm":32316,"minecraft:boat_one_cm":173120,"minecraft:total_world_time":296172,"minecraft:time_since_rest":73338,"minecraft:damage_taken":3982,"minecraft:swim_one_cm":46811,"minecraft:fly_one_cm":1772797,"minecraft:open_chest":32,"minecraft:fall_one_cm":65374}},"DataVersion":3465}