{"stats":{"minecraft:crafted":{"minecraft:oak_planks":140,"minecraft:cooked_mutton":3,"minecraft:iron_boots":1,"minecraft:chest":2,"minecraft:stone_hoe":5,"sophisticatedbackpacks:backpack":1,"minecraft:emerald":3,"minecraft:crafting_table":2,"minecraft:wooden_pickaxe":1,"minecraft:iron_helmet":1,"minecraft:fletching_table":1,"minecraft:iron_chestplate":1,"minecraft:shield":1,"minecraft:stick":140,"minecraft:iron_pickaxe":1,"minecraft:iron_ingot":55,"minecraft:gold_ingot":8,"minecraft:furnace":2,"minecraft:stone_pickaxe":2,"minecraft:wheat":144,"minecraft:cooked_beef":11,"sophisticatedbackpacks:iron_backpack":1,"nethersdelight:iron_machete":2,"minecraft:iron_sword":1,"minecraft:bread":48,"minecraft:air":0,"minecraft:wooden_axe":2,"minecraft:oak_stairs":8,"supplementaries:clock_block":1,"minecraft:torch":96},"minecraft:killed":{"twilightforest:boar":3,"alexsmobs:lobster":2,"minecraft:spider":7,"twilightforest:harbinger_cube":1,"twilightforest:troll":1,"minecraft:pufferfish":1,"minecraft:skeleton":15,"alexsmobs:leafcutter_ant":1,"mowziesmobs:umvuthana_crane":2,"minecraft:silverfish":8,"minecraft:turtle":1,"mowziesmobs:foliaath":1,"artifacts:mimic":1,"minecraft:pig":1,"alexsmobs:seal":3,"twilightforest:raven":1,"minecraft:creeper":5,"twilightforest:skeleton_druid":3,"minecraft:sheep":1,"minecraft:zombie":20,"alexsmobs:cachalot_whale":1,"alexsmobs:fly":2,"alexsmobs:mungus":2,"mowziesmobs:umvuthana_raptor":2,"minecraft:cow":8,"mowziesmobs:naga":2,"twilightforest:squirrel":1,"alexsmobs:dropbear":1,"alexsmobs:spectre":1,"minecraft:allay":1,"alexsmobs:cosmaw":1,"alexsmobs:tasmanian_devil":2,"minecraft:slime":3,"mowziesmobs:ferrous_wroughtnaut":1,"twilightforest:naga":2,"twilightforest:blockchain_goblin":1,"twilightforest:death_tome":5,"alexsmobs:rocky_roller":1,"friendsandfoes:iceologer":1,"twilightforest:penguin":1,"friendsandfoes:copper_golem":3,"twilightforest:kobold":1,"mowziesmobs:umvuthana_follower_raptor":7,"twilightforest:yeti":1,"minecraft:enderman":1,"twilightforest:bighorn_sheep":1},"minecraft:broken":{"nethersdelight:iron_machete":1,"minecraft:golden_leggings":1,"minecraft:iron_sword":1,"minecraft:golden_chestplate":1,"twilightforest:glass_sword":1,"minecraft:iron_pickaxe":1},"minecraft:used":{"alexsmobs:emu_egg":1,"botania:mana_pylon":1,"minecraft:moss_block":3,"twilightforest:spiral_bricks":4,"minecraft:chest":1,"minecraft:shield":44,"minecraft:iron_sword":89,"twilightforest:giant_obsidian":1,"twilightforest:blockchain_goblin_spawn_egg":1,"minecraft:rotten_flesh":2,"minecraft:iron_chestplate":1,"supplementaries:globe":2,"mowziesmobs:frostmaw_spawn_egg":1,"mowziesmobs:wroughtnaut_spawn_egg":1,"mowziesmobs:lantern_spawn_egg":2,"twilightforest:penguin_spawn_egg":1,"minecraft:carrot":29,"botania:black_mushroom":1,"alexsmobs:spawn_egg_mungus":3,"friendsandfoes:totem_of_illusion":1,"minecraft:grass_block":64,"twilightforest:kobold_spawn_egg":1,"botania:magenta_shiny_flower":10,"alexsmobs:spawn_egg_leafcutter_ant":1,"mowziesmobs:umvuthana_mask_rage":2,"minecraft:furnace":3,"minecraft:cooked_cod":14,"twilightforest:yeti_helmet":3,"alexsmobs:spawn_egg_spectre":1,"minecraft:egg":1,"minecraft:potato":36,"twilightforest:hollow_oak_log":19,"botania:gray_mystical_flower":1,"minecraft:stone_pickaxe":35,"minecraft:chorus_fruit":1,"minecraft:oak_planks":5,"minecraft:ender_pearl":1,"minecraft:wooden_pickaxe":14,"minecraft:sugar_cane":3,"mowziesmobs:naga_spawn_egg":4,"minecraft:cookie":5,"botania:corporea_crystal_cube":2,"minecraft:sand":82,"alexsmobs:spawn_egg_dropbear":1,"minecraft:blast_furnace":2,"mowziesmobs:grottol_spawn_egg":1,"botania:brewery":1,"minecraft:bread":9,"alexsmobs:spawn_egg_cosmaw":1,"supplementaries:clock_block":1,"minecraft:gravel":45,"cfm:stripped_spruce_park_bench":3,"twilightforest:winter_wolf_spawn_egg":1,"cfm:stripped_spruce_upgraded_gate":1,"cfm:dark_oak_park_bench":1,"minecraft:oak_boat":1,"twilightforest:squirrel_spawn_egg":2,"minecraft:flint_and_steel":2,"twilightforest:dark_leaves":122,"twilightforest:glass_sword":84,"twilightforest:swarm_spider_spawn_egg":1,"minecraft:stone_hoe":62,"mowziesmobs:umvuthana_crane_spawn_egg":2,"mowziesmobs:umvuthana_raptor_spawn_egg":1,"minecraft:netherrack":1,"minecraft:torch":112,"minecraft:dirt":108,"minecraft:anvil":1,"twilightforest:naga_spawn_egg":2,"botania:purple_mystical_flower":5,"minecraft:allay_spawn_egg":2,"minecraft:wooden_axe":87,"supplementaries:globe_sepia":1,"minecraft:oak_stairs":9,"twilightforest:troll_spawn_egg":1,"alexsmobs:platypus_bucket":2,"minecraft:iron_boots":1,"alexsmobs:fedora":2,"botania:gray_double_flower":3,"cfm:stripped_spruce_upgraded_fence":5,"minecraft:golden_carrot":1,"twilightforest:giant_leaves":5,"minecraft:beef":5,"alexsmobs:hummingbird_feeder":2,"alexsmobs:enderiophage_rocket":10,"twilightforest:moonworm_queen":5,"nethersdelight:iron_machete":278,"minecraft:cooked_beef":9,"minecraft:cobbled_deepslate":3,"cfm:stripped_oak_park_bench":1,"minecraft:wheat_seeds":11,"minecraft:cooked_mutton":3,"twilightforest:fire_beetle_spawn_egg":1,"botania:brown_mystical_flower":1,"botania:black_double_flower":2,"minecraft:fletching_table":3,"mowziesmobs:foliaath_spawn_egg":1,"minecraft:crafting_table":7,"minecraft:white_bed":3,"twilightforest:yeti_spawn_egg":1,"alexsmobs:spawn_egg_lobster":2,"minecraft:oak_log":6,"twilightforest:harbinger_cube_spawn_egg":1,"minecraft:iron_pickaxe":446,"minecraft:map":1,"twilightforest:firefly_jar":1,"minecraft:golden_leggings":1,"farmersdelight:cooked_bacon":1,"minecraft:cobblestone":102,"cfm:spruce_park_bench":1,"minecraft:porkchop":10,"alexsmobs:animal_dictionary":1,"minecraft:dandelion":1,"botania:red_mushroom":1},"minecraft:picked_up":{"twilightforest:naga_trophy":1,"minecraft:smithing_table":1,"minecraft:oak_stairs":6,"minecraft:string":13,"botania:king_key":1,"minecraft:cobbled_deepslate":14,"minecraft:gold_nugget":1,"twilightforest:firefly_jar":1,"minecraft:furnace":1,"minecraft:stick":5,"minecraft:oak_fence":1,"minecraft:torch":32,"botania:black_mushroom":1,"alexsmobs:fedora":1,"minecraft:porkchop":10,"minecraft:pointed_dripstone":2,"minecraft:diorite":1,"minecraft:rotten_flesh":14,"farmersdelight:onion":3,"sons_of_sins:heart":1,"alexsmobs:emu_egg":1,"supplementaries:ash":24,"alexsmobs:lobster_tail":1,"alexsmobs:flying_fish":3,"minecraft:cobblestone":318,"paraglider:paraglider":1,"minecraft:magma_block":1,"minecraft:feather":13,"minecraft:potato":10,"alexsmobs:bison_fur":3,"paraglider:spirit_orb":6,"minecraft:flint":2,"minecraft:tuff":2,"twilightforest:dark_leaves":1,"farmersdelight:cooked_bacon":1,"supplementaries:flax_seeds":3,"alexsmobs:rocky_shell":1,"minecraft:dirt":149,"botania:cosmetic_lusitanic_shield":1,"minecraft:bone":18,"minecraft:wheat_seeds":31,"minecraft:raw_gold":2,"botania:purple_mystical_flower":1,"botania:odin_ring":1,"minecraft:fletching_table":2,"minecraft:moss_block":3,"minecraft:oak_planks":1,"botania:flugel_eye":1,"friendsandfoes:totem_of_freezing":1,"patchouli:guide_book":3,"minecraft:sand":60,"minecraft:ink_sac":6,"alexsmobs:animal_dictionary":2,"minecraft:polished_andesite":1,"minecraft:diamond":9,"botania:cosmetic_witch_pin":1,"minecraft:blue_ice":1,"minecraft:emerald":6,"twilightforest:arctic_fur":1,"alexsmobs:maggot":2,"botania:loki_ring":1,"minecraft:chorus_fruit":1,"minecraft:netherrack":1,"minecraft:crafting_table":5,"friendsandfoes:totem_of_illusion":1,"minecraft:gold_block":4,"twilightforest:nagastone":2,"minecraft:cornflower":2,"botania:rune_spring":1,"supplementaries:globe":1,"minecraft:beef":19,"minecraft:oak_boat":3,"twilightforest:naga_scale":8,"minecraft:iron_nugget":23,"minecraft:sugar_cane":3,"supplementaries:rope":1,"minecraft:egg":1,"minecraft:raw_iron":43,"botania:rune_envy":3,"minecraft:copper_ingot":3,"botania:purple_mushroom":1,"minecraft:spruce_fence":3,"nethersdelight:netherite_machete":1,"minecraft:cookie":5,"minecraft:carrot":13,"twilightforest:firefly":2,"minecraft:arrow":19,"minecraft:golden_hoe":1,"twilightforest:etched_nagastone":1,"minecraft:hay_block":16,"mowziesmobs:ice_crystal":1,"minecraft:mutton":3,"minecraft:skeleton_skull":1,"minecraft:white_wool":1,"mowziesmobs:grant_suns_blessing":3,"minecraft:stripped_oak_log":6,"minecraft:golden_carrot":1,"artifacts:digging_claws":1,"minecraft:glow_ink_sac":2,"minecraft:leather":10,"minecraft:oak_log":58,"botania:red_mushroom":1,"minecraft:paper":20,"botania:light_blue_mystical_flower":1,"nethersdelight:iron_machete":1,"minecraft:coast_armor_trim_smithing_template":1,"supplementaries:globe_sepia":1,"mowziesmobs:foliaath_seed":1,"minecraft:stone_pickaxe":1,"botania:infinite_fruit":1,"botania:purple_double_flower":1,"minecraft:dandelion":7,"minecraft:gravel":54,"minecraft:blast_furnace":2,"botania:lime_mushroom":1,"minecraft:white_bed":3,"minecraft:spider_eye":5,"mowziesmobs:naga_fang":1,"twilightforest:raven_feather":1,"minecraft:coal":73,"minecraft:ender_pearl":1},"minecraft:custom":{"lootr:looted_stat":18,"minecraft:interact_with_crafting_table":38,"minecraft:open_barrel":3,"minecraft:leave_game":23,"minecraft:time_since_death":17620,"minecraft:sprint_one_cm":504285,"minecraft:damage_blocked_by_shield":1224,"minecraft:drop":119,"minecraft:talked_to_villager":17,"minecraft:play_time":376459,"minecraft:deaths":12,"minecraft:jump":4569,"minecraft:walk_on_water_one_cm":50616,"minecraft:interact_with_furnace":46,"minecraft:traded_with_villager":9,"minecraft:sleep_in_bed":1,"minecraft:damage_dealt":27074,"minecraft:player_kills":15,"minecraft:crouch_one_cm":11945,"minecraft:interact_with_smithing_table":1,"minecraft:mob_kills":133,"minecraft:interact_with_anvil":2,"minecraft:damage_dealt_resisted":10,"minecraft:climb_one_cm":19843,"minecraft:walk_one_cm":1035068,"minecraft:sneak_time":8636,"minecraft:walk_under_water_one_cm":48812,"minecraft:boat_one_cm":180770,"minecraft:interact_with_blast_furnace":14,"minecraft:total_world_time":376459,"minecraft:time_since_rest":2638,"minecraft:damage_taken":5658,"minecraft:swim_one_cm":65413,"minecraft:fly_one_cm":2016138,"minecraft:open_chest":54,"minecraft:fall_one_cm":85667},"minecraft:killed_by":{"just_in_cave:the_old_miner":1,"minecraft:zombie":2,"minecraft:player":6,"alexsmobs:centipede_head":1,"minecraft:skeleton":1},"minecraft:dropped":{"minecraft:oak_log":17,"minecraft:glow_ink_sac":2,"minecraft:leather":6,"twilightforest:naga_scale":16,"botania:dice":1,"alexsmobs:bison_fur":3,"minecraft:light_weighted_pressure_plate":1,"minecraft:gold_block":1,"minecraft:dirt":83,"alexsmobs:flying_fish":1,"minecraft:sand":60,"nethersdelight:netherite_machete":1,"paraglider:paraglider":1,"minecraft:white_wool":1,"minecraft:bone":10,"botania:purple_double_flower":1,"minecraft:iron_nugget":3,"alexsmobs:animal_dictionary":2,"minecraft:rotten_flesh":4,"minecraft:oak_planks":2,"patchouli:guide_book":3,"supplementaries:flax_seeds":3,"supplementaries:ash":17,"minecraft:arrow":5,"botania:cosmetic_devil_horns":1,"botania:lime_mushroom":1,"botania:cosmetic_alien_antenna":1,"farmersdelight:tomato_seeds":1,"minecraft:bread":1,"minecraft:wheat_seeds":25,"botania:king_key":1,"mowziesmobs:grant_suns_blessing":2,"nethersdelight:iron_machete":3,"minecraft:feather":5,"minecraft:oak_fence":1,"minecraft:cobblestone":5,"minecraft:polished_andesite":1,"botania:light_blue_mystical_flower":1,"botania:cosmetic_witch_pin":1,"minecraft:diorite":1,"minecraft:ink_sac":6,"sons_of_sins:heart":1,"twilightforest:raven_feather":1,"twilightforest:lamp_of_cinders":1,"minecraft:string":4,"twilightforest:dark_leaves":1,"minecraft:dandelion":5,"botania:purple_mushroom":1,"botania:cosmetic_lusitanic_shield":1,"twilightforest:naga_spawn_egg":1,"minecraft:spruce_fence":3,"minecraft:filled_map":1,"minecraft:spider_eye":3,"minecraft:stone_pickaxe":1,"minecraft:wooden_pickaxe":1},"minecraft:mined":{"minecraft:white_bed":3,"botania:black_mushroom":1,"minecraft:grass_block":12,"minecraft:spawner":3,"minecraft:magma_block":2,"minecraft:cobbled_deepslate":2,"minecraft:iron_ore":25,"supplementaries:globe":1,"minecraft:fletching_table":2,"minecraft:dirt_path":5,"minecraft:oak_stairs":6,"botania:light_blue_mystical_flower":1,"minecraft:blackstone":3,"minecraft:torch":1,"minecraft:blast_furnace":2,"botania:purple_double_flower":1,"supplementaries:wild_flax":1,"minecraft:cobblestone":13,"minecraft:oak_planks":2,"minecraft:sugar_cane":1,"minecraft:wall_torch":3,"minecraft:seagrass":1,"minecraft:wheat":2,"minecraft:grass":87,"minecraft:oak_log":57,"minecraft:sand":37,"minecraft:dirt":15,"minecraft:netherrack":1,"minecraft:oak_leaves":11,"minecraft:deepslate":19,"twilightforest:firefly":1,"minecraft:deepslate_diamond_ore":9,"supplementaries:globe_sepia":1,"minecraft:hay_block":16,"botania:purple_mushroom":1,"minecraft:carrots":2,"minecraft:furnace":1,"minecraft:gold_block":3,"minecraft:potatoes":1,"twilightforest:firefly_jar":1,"minecraft:deepslate_iron_ore":17,"minecraft:stone":295,"minecraft:smithing_table":1,"minecraft:dandelion":1,"minecraft:crafting_table":5,"minecraft:cornflower":2,"botania:yellow_double_flower":1,"minecraft:tall_grass":54,"twilightforest:nagastone":2,"minecraft:deepslate_gold_ore":2,"twilightforest:mayapple":1,"minecraft:diorite":1,"supplementaries:urn":26,"minecraft:coal_ore":74,"minecraft:gravel":58,"minecraft:polished_andesite":1,"minecraft:fern":1}},"DataVersion":3465}