{"stats":{"minecraft:killed_by":{"minecraft:player":4,"minecraft:skeleton":1},"minecraft:picked_up":{"minecraft:crafting_table":4,"twilightforest:naga_trophy":1,"friendsandfoes:totem_of_illusion":1,"minecraft:gold_block":4,"minecraft:string":4,"botania:rune_spring":1,"supplementaries:globe":1,"botania:king_key":1,"minecraft:gold_nugget":1,"minecraft:beef":12,"minecraft:iron_nugget":3,"supplementaries:rope":1,"twilightforest:firefly_jar":1,"minecraft:egg":1,"minecraft:stick":2,"minecraft:raw_iron":19,"botania:rune_envy":3,"minecraft:copper_ingot":3,"minecraft:oak_fence":1,"minecraft:spruce_fence":3,"alexsmobs:fedora":1,"minecraft:porkchop":7,"nethersdelight:netherite_machete":1,"minecraft:diorite":1,"minecraft:carrot":13,"twilightforest:firefly":1,"minecraft:arrow":5,"minecraft:rotten_flesh":9,"sons_of_sins:heart":1,"mowziesmobs:ice_crystal":1,"alexsmobs:emu_egg":1,"supplementaries:ash":15,"minecraft:mutton":2,"minecraft:white_wool":1,"alexsmobs:lobster_tail":1,"alexsmobs:flying_fish":1,"minecraft:cobblestone":26,"mowziesmobs:grant_suns_blessing":3,"minecraft:feather":13,"minecraft:golden_carrot":1,"minecraft:leather":5,"minecraft:potato":6,"alexsmobs:bison_fur":3,"twilightforest:dark_leaves":1,"minecraft:oak_log":12,"supplementaries:flax_seeds":1,"farmersdelight:cooked_bacon":1,"minecraft:dirt":11,"nethersdelight:iron_machete":1,"botania:cosmetic_lusitanic_shield":1,"minecraft:coast_armor_trim_smithing_template":1,"minecraft:bone":4,"mowziesmobs:foliaath_seed":1,"minecraft:wheat_seeds":7,"botania:purple_mystical_flower":1,"botania:odin_ring":1,"minecraft:stone_pickaxe":1,"botania:infinite_fruit":1,"minecraft:moss_block":3,"botania:flugel_eye":1,"friendsandfoes:totem_of_freezing":1,"botania:purple_double_flower":1,"patchouli:guide_book":1,"minecraft:dandelion":2,"minecraft:sand":60,"minecraft:ink_sac":6,"minecraft:spider_eye":5,"alexsmobs:animal_dictionary":2,"mowziesmobs:naga_fang":1,"botania:cosmetic_witch_pin":1,"minecraft:blue_ice":1,"twilightforest:arctic_fur":1,"botania:loki_ring":1,"minecraft:chorus_fruit":1,"minecraft:netherrack":1,"minecraft:coal":16},"minecraft:broken":{"twilightforest:glass_sword":1},"minecraft:crafted":{"minecraft:oak_planks":40,"minecraft:furnace":1,"minecraft:stone_pickaxe":1,"minecraft:cooked_beef":4,"minecraft:crafting_table":1,"minecraft:wooden_pickaxe":1,"minecraft:iron_helmet":1,"nethersdelight:iron_machete":2,"minecraft:air":0,"minecraft:shield":1,"minecraft:stick":12,"minecraft:iron_pickaxe":1,"minecraft:iron_ingot":8,"minecraft:wooden_axe":1,"supplementaries:clock_block":1,"minecraft:torch":16},"minecraft:mined":{"twilightforest:firefly":1,"minecraft:grass_block":4,"minecraft:carrots":2,"minecraft:iron_ore":19,"supplementaries:globe":1,"minecraft:gold_block":3,"twilightforest:firefly_jar":1,"minecraft:stone":22,"minecraft:crafting_table":4,"botania:purple_double_flower":1,"supplementaries:wild_flax":1,"minecraft:cobblestone":2,"minecraft:tall_grass":15,"minecraft:oak_planks":1,"minecraft:diorite":1,"supplementaries:urn":4,"minecraft:seagrass":1,"minecraft:grass":16,"minecraft:coal_ore":17,"minecraft:oak_log":11,"minecraft:sand":37,"minecraft:dirt":7,"minecraft:netherrack":1,"minecraft:oak_leaves":10},"minecraft:used":{"alexsmobs:emu_egg":1,"botania:mana_pylon":1,"minecraft:moss_block":3,"twilightforest:squirrel_spawn_egg":2,"twilightforest:spiral_bricks":4,"minecraft:flint_and_steel":2,"twilightforest:dark_leaves":122,"twilightforest:glass_sword":67,"minecraft:shield":5,"twilightforest:giant_obsidian":1,"twilightforest:swarm_spider_spawn_egg":1,"mowziesmobs:umvuthana_crane_spawn_egg":2,"twilightforest:blockchain_goblin_spawn_egg":1,"minecraft:rotten_flesh":2,"mowziesmobs:umvuthana_raptor_spawn_egg":1,"minecraft:netherrack":1,"supplementaries:globe":1,"minecraft:torch":13,"minecraft:dirt":9,"minecraft:anvil":1,"mowziesmobs:frostmaw_spawn_egg":1,"mowziesmobs:wroughtnaut_spawn_egg":1,"mowziesmobs:lantern_spawn_egg":2,"twilightforest:penguin_spawn_egg":1,"minecraft:carrot":23,"twilightforest:naga_spawn_egg":2,"botania:purple_mystical_flower":5,"minecraft:allay_spawn_egg":2,"minecraft:wooden_axe":36,"alexsmobs:spawn_egg_mungus":3,"friendsandfoes:totem_of_illusion":1,"twilightforest:kobold_spawn_egg":1,"minecraft:grass_block":64,"twilightforest:troll_spawn_egg":1,"botania:magenta_shiny_flower":10,"alexsmobs:platypus_bucket":2,"alexsmobs:spawn_egg_leafcutter_ant":1,"alexsmobs:fedora":2,"botania:gray_double_flower":3,"cfm:stripped_spruce_upgraded_fence":5,"mowziesmobs:umvuthana_mask_rage":2,"minecraft:golden_carrot":1,"twilightforest:giant_leaves":5,"minecraft:beef":5,"alexsmobs:hummingbird_feeder":2,"twilightforest:moonworm_queen":5,"alexsmobs:enderiophage_rocket":10,"minecraft:furnace":1,"nethersdelight:iron_machete":117,"twilightforest:yeti_helmet":3,"alexsmobs:spawn_egg_spectre":1,"minecraft:egg":1,"minecraft:cooked_beef":2,"minecraft:potato":31,"cfm:stripped_oak_park_bench":1,"twilightforest:hollow_oak_log":19,"minecraft:wheat_seeds":2,"twilightforest:fire_beetle_spawn_egg":1,"botania:gray_mystical_flower":1,"minecraft:stone_pickaxe":35,"minecraft:chorus_fruit":1,"minecraft:wooden_pickaxe":14,"botania:brown_mystical_flower":1,"botania:black_double_flower":2,"mowziesmobs:foliaath_spawn_egg":1,"mowziesmobs:naga_spawn_egg":4,"botania:corporea_crystal_cube":2,"minecraft:sand":82,"minecraft:crafting_table":5,"alexsmobs:spawn_egg_dropbear":1,"mowziesmobs:grottol_spawn_egg":1,"botania:brewery":1,"twilightforest:yeti_spawn_egg":1,"alexsmobs:spawn_egg_lobster":2,"twilightforest:harbinger_cube_spawn_egg":1,"alexsmobs:spawn_egg_cosmaw":1,"minecraft:iron_pickaxe":23,"supplementaries:clock_block":1,"twilightforest:firefly_jar":1,"cfm:stripped_spruce_park_bench":3,"minecraft:golden_leggings":1,"twilightforest:winter_wolf_spawn_egg":1,"farmersdelight:cooked_bacon":1,"cfm:stripped_spruce_upgraded_gate":1,"minecraft:cobblestone":13,"cfm:spruce_park_bench":1,"cfm:dark_oak_park_bench":1,"minecraft:porkchop":6,"alexsmobs:animal_dictionary":1,"minecraft:dandelion":1},"minecraft:killed":{"twilightforest:squirrel":1,"alexsmobs:dropbear":1,"twilightforest:boar":2,"alexsmobs:lobster":2,"alexsmobs:spectre":1,"minecraft:allay":1,"minecraft:spider":5,"alexsmobs:cosmaw":1,"twilightforest:harbinger_cube":1,"twilightforest:troll":1,"minecraft:pufferfish":1,"minecraft:skeleton":5,"mowziesmobs:ferrous_wroughtnaut":1,"twilightforest:naga":2,"alexsmobs:leafcutter_ant":1,"mowziesmobs:umvuthana_crane":2,"twilightforest:blockchain_goblin":1,"minecraft:turtle":1,"mowziesmobs:foliaath":1,"friendsandfoes:iceologer":1,"twilightforest:penguin":1,"friendsandfoes:copper_golem":3,"minecraft:pig":1,"alexsmobs:seal":3,"twilightforest:kobold":1,"mowziesmobs:umvuthana_follower_raptor":7,"minecraft:sheep":1,"minecraft:zombie":7,"alexsmobs:cachalot_whale":1,"alexsmobs:mungus":2,"mowziesmobs:umvuthana_raptor":2,"twilightforest:yeti":1,"minecraft:cow":4,"mowziesmobs:naga":2},"minecraft:dropped":{"minecraft:wheat_seeds":7,"minecraft:oak_log":2,"botania:king_key":1,"mowziesmobs:grant_suns_blessing":2,"nethersdelight:iron_machete":2,"minecraft:oak_fence":1,"minecraft:feather":5,"minecraft:leather":5,"twilightforest:naga_scale":8,"botania:dice":1,"alexsmobs:bison_fur":3,"minecraft:light_weighted_pressure_plate":1,"minecraft:gold_block":1,"minecraft:dirt":2,"botania:cosmetic_witch_pin":1,"minecraft:diorite":1,"minecraft:ink_sac":6,"alexsmobs:flying_fish":1,"sons_of_sins:heart":1,"twilightforest:lamp_of_cinders":1,"minecraft:sand":60,"nethersdelight:netherite_machete":1,"minecraft:string":4,"twilightforest:dark_leaves":1,"minecraft:bone":3,"botania:purple_double_flower":1,"botania:cosmetic_lusitanic_shield":1,"minecraft:iron_nugget":3,"alexsmobs:animal_dictionary":2,"minecraft:rotten_flesh":4,"minecraft:oak_planks":2,"twilightforest:naga_spawn_egg":1,"minecraft:spruce_fence":3,"patchouli:guide_book":1,"supplementaries:flax_seeds":1,"supplementaries:ash":14,"minecraft:spider_eye":3,"minecraft:wooden_pickaxe":1,"minecraft:stone_pickaxe":1,"botania:cosmetic_devil_horns":1,"botania:cosmetic_alien_antenna":1,"farmersdelight:tomato_seeds":1},"minecraft:custom":{"minecraft:interact_with_smithing_table":1,"lootr:looted_stat":9,"minecraft:mob_kills":68,"minecraft:interact_with_anvil":2,"minecraft:interact_with_crafting_table":13,"minecraft:damage_dealt_resisted":10,"minecraft:leave_game":13,"minecraft:time_since_death":44714,"minecraft:climb_one_cm":15511,"minecraft:sprint_one_cm":158348,"minecraft:walk_one_cm":528905,"minecraft:damage_blocked_by_shield":120,"minecraft:drop":83,"minecraft:talked_to_villager":1,"minecraft:play_time":203669,"minecraft:deaths":6,"minecraft:sneak_time":6778,"minecraft:walk_under_water_one_cm":28109,"minecraft:boat_one_cm":154647,"minecraft:jump":2105,"minecraft:walk_on_water_one_cm":23874,"minecraft:total_world_time":203669,"minecraft:interact_with_furnace":11,"minecraft:time_since_rest":44789,"minecraft:damage_taken":2378,"minecraft:damage_dealt":14529,"minecraft:fly_one_cm":587646,"minecraft:swim_one_cm":24966,"minecraft:player_kills":10,"minecraft:open_chest":6,"minecraft:crouch_one_cm":10187,"minecraft:fall_one_cm":38078}},"DataVersion":3465}