{"stats":{"minecraft:custom":{"minecraft:interact_with_anvil":2,"minecraft:mob_kills":18,"minecraft:leave_game":3,"minecraft:time_since_death":18371,"minecraft:climb_one_cm":8945,"minecraft:time_since_rest":18393,"minecraft:sprint_one_cm":8875,"minecraft:damage_taken":897,"minecraft:walk_one_cm":197086,"minecraft:drop":10,"minecraft:damage_dealt":4060,"minecraft:fly_one_cm":127379,"minecraft:player_kills":4,"minecraft:crouch_one_cm":6981,"minecraft:play_time":67097,"minecraft:deaths":3,"minecraft:sneak_time":4123,"minecraft:jump":158,"minecraft:walk_on_water_one_cm":3551,"minecraft:total_world_time":67097,"minecraft:fall_one_cm":2006},"minecraft:broken":{"twilightforest:glass_sword":1},"minecraft:killed":{"alexsmobs:dropbear":1,"friendsandfoes:copper_golem":3,"alexsmobs:spectre":1,"minecraft:allay":1,"alexsmobs:cosmaw":1,"mowziesmobs:umvuthana_follower_raptor":4,"mowziesmobs:ferrous_wroughtnaut":1,"alexsmobs:leafcutter_ant":1,"mowziesmobs:umvuthana_crane":1,"alexsmobs:mungus":2,"mowziesmobs:umvuthana_raptor":1,"friendsandfoes:iceologer":1},"minecraft:picked_up":{"minecraft:feather":6,"friendsandfoes:totem_of_illusion":1,"twilightforest:dark_leaves":1,"minecraft:string":2,"minecraft:dirt":1,"botania:rune_spring":1,"botania:king_key":1,"minecraft:wheat_seeds":2,"botania:purple_mystical_flower":1,"botania:odin_ring":1,"botania:infinite_fruit":1,"supplementaries:rope":1,"botania:flugel_eye":1,"friendsandfoes:totem_of_freezing":1,"botania:rune_envy":3,"minecraft:copper_ingot":3,"alexsmobs:fedora":1,"nethersdelight:netherite_machete":1,"minecraft:spider_eye":1,"minecraft:rotten_flesh":2,"botania:cosmetic_witch_pin":1,"minecraft:blue_ice":1,"minecraft:chorus_fruit":1,"mowziesmobs:grant_suns_blessing":1},"minecraft:mined":{"minecraft:dirt":1},"minecraft:dropped":{"botania:king_key":1,"botania:dice":1,"botania:cosmetic_witch_pin":1,"minecraft:spider_eye":1,"botania:cosmetic_devil_horns":1,"nethersdelight:netherite_machete":1,"minecraft:string":2,"twilightforest:dark_leaves":1,"botania:cosmetic_alien_antenna":1},"minecraft:used":{"minecraft:wheat_seeds":2,"minecraft:flint_and_steel":2,"botania:gray_mystical_flower":1,"minecraft:chorus_fruit":1,"twilightforest:dark_leaves":87,"twilightforest:glass_sword":24,"botania:brown_mystical_flower":1,"botania:black_double_flower":2,"mowziesmobs:umvuthana_raptor_spawn_egg":1,"minecraft:rotten_flesh":2,"mowziesmobs:umvuthana_crane_spawn_egg":1,"botania:corporea_crystal_cube":2,"minecraft:dirt":1,"minecraft:anvil":1,"mowziesmobs:lantern_spawn_egg":1,"mowziesmobs:wroughtnaut_spawn_egg":1,"alexsmobs:spawn_egg_dropbear":1,"botania:brewery":1,"botania:purple_mystical_flower":1,"minecraft:allay_spawn_egg":2,"alexsmobs:spawn_egg_mungus":3,"friendsandfoes:totem_of_illusion":1,"alexsmobs:spawn_egg_cosmaw":1,"alexsmobs:platypus_bucket":2,"alexsmobs:spawn_egg_leafcutter_ant":1,"alexsmobs:fedora":2,"botania:gray_double_flower":3,"mowziesmobs:umvuthana_mask_rage":2,"twilightforest:yeti_helmet":3,"alexsmobs:spawn_egg_spectre":1,"twilightforest:hollow_oak_log":19},"minecraft:killed_by":{"minecraft:player":3}},"DataVersion":3465}