{
  "__COMMENT1": "To apply this configuration to all newly generated worlds",
  "__COMMENT2": "please place this configuration file into your config directory",
  "__COMMENT3": "with the following name: cpm-server-default.json",
  "player_scaling": {
    "2bf1bfe9-7a59-3b61-96a0-496ccf0b41c1": {},
    "e4b4569d-1bb7-3f0a-a24a-d90c7121e06e": {},
    "0af4df52-0249-3a23-9d3c-28f8ccc26e80": {},
    "95385cef-cfa5-3952-a7cc-b45c608cb4b9": {},
    "549dd063-7a5f-3694-8229-c1cd8a505909": {
      "motion": 1.0,
      "stepHeight": 1.0,
      "flight": 1.0,
      "reach": 1.0,
      "asp": 1.0,
      "akb": 1.0,
      "attack": 1.0,
      "defense": 1.0,
      "health": 1.0,
      "mob_vis": 1.0,
      "kbr": 1.0
    },
    "40f16c01-33c6-38a1-b9c2-77263d88dd8e": {}
  },
  "player_scaling_settings": {},
  "scaling_settings": {
    "motion": {},
    "mob_visibility": {},
    "defense": {},
    "attack_knockback": {},
    "flight_speed": {},
    "step_height": {},
    "knockback_resist": {},
    "reach": {},
    "health": {},
    "attack_speed": {},
    "attack_dmg": {}
  },
  "skins": {
    "549dd063-7a5f-3694-8229-c1cd8a505909": {}
  }
}