{
  "__COMMENT1": "To apply this configuration to all newly generated worlds",
  "__COMMENT2": "please place this configuration file into your config directory",
  "__COMMENT3": "with the following name: cpm-server-default.json",
  "player_scaling": {
    "2bf1bfe9-7a59-3b61-96a0-496ccf0b41c1": {},
    "e4b4569d-1bb7-3f0a-a24a-d90c7121e06e": {},
    "0af4df52-0249-3a23-9d3c-28f8ccc26e80": {},
    "95385cef-cfa5-3952-a7cc-b45c608cb4b9": {}
  },
  "player_scaling_settings": {},
  "scaling_settings": {
    "motion": {},
    "mob_visibility": {},
    "defense": {},
    "attack_knockback": {},
    "flight_speed": {},
    "step_height": {},
    "knockback_resist": {},
    "reach": {},
    "health": {},
    "attack_speed": {},
    "attack_dmg": {}
  },
  "skins": {}
}