{
  "botania:recipes/decorations/apothecary_mossy": {
    "criteria": {
      "has_item": "2024-11-22 21:41:48 +0000"
    },
    "done": true
  },
  "botania:recipes/decorations/apothecary_deepslate": {
    "criteria": {
      "has_item": "2024-11-22 21:41:48 +0000"
    },
    "done": true
  },
  "botania:challenge/root": {
    "criteria": {
      "flower": "2024-11-22 21:41:34 +0000"
    },
    "done": true
  },
  "deeperdarker:recipes/transportation/echo_boat": {
    "criteria": {
      "in_water": "2024-11-22 21:47:15 +0000"
    },
    "done": true
  },
  "cfm:recipes/decorations/stripped_spruce_upgraded_gate": {
    "criteria": {
      "has_log": "2024-11-22 21:17:34 +0000"
    },
    "done": true
  },
  "securitycraft:recipes/misc/lime_lens": {
    "criteria": {
      "has_glass_pane": "2024-11-22 21:16:00 +0000"
    },
    "done": true
  },
  "cfm:recipes/decorations/stripped_spruce_kitchen_counter": {
    "criteria": {
      "has_log": "2024-11-22 21:08:48 +0000"
    },
    "done": true
  },
  "cfm:recipes/decorations/spruce_coffee_table": {
    "criteria": {
      "has_log": "2024-11-22 21:08:48 +0000"
    },
    "done": true
  },
  "minecraft:recipes/building_blocks/red_concrete_powder": {
    "criteria": {
      "has_sand": "2024-11-22 21:51:48 +0000"
    },
    "done": true
  },
  "cfm:recipes/decorations/spruce_chair": {
    "criteria": {
      "has_log": "2024-11-22 21:08:48 +0000"
    },
    "done": true
  },
  "botania:main/bauble_wear": {
    "criteria": {
      "code_triggered": "2024-11-22 21:49:49 +0000"
    },
    "done": true
  },
  "botania:recipes/decorations/magenta_floating_flower": {
    "criteria": {
      "has_item": "2024-11-22 21:44:30 +0000"
    },
    "done": true
  },
  "cfm:recipes/decorations/stripped_spruce_blinds": {
    "criteria": {
      "has_log": "2024-11-22 21:17:34 +0000"
    },
    "done": true
  },
  "minecraft:recipes/building_blocks/green_concrete_powder": {
    "criteria": {
      "has_sand": "2024-11-22 21:51:48 +0000"
    },
    "done": true
  },
  "supplementaries:recipes/soap": {
    "criteria": {
      "forge:ash": "2024-11-22 21:33:43 +0000"
    },
    "done": true
  },
  "botania:recipes/tools/twig_wand": {
    "criteria": {
      "has_item": "2024-11-22 21:41:48 +0000"
    },
    "done": true
  },
  "deeperdarker:recipes/transportation/bloom_boat": {
    "criteria": {
      "in_water": "2024-11-22 21:47:15 +0000"
    },
    "done": true
  },
  "sosorgans:grant_book_on_first_join": {
    "criteria": {
      "tick": "2024-11-22 21:04:12 +0000"
    },
    "done": true
  },
  "minecraft:recipes/building_blocks/blue_concrete_powder": {
    "criteria": {
      "has_sand": "2024-11-22 21:51:48 +0000"
    },
    "done": true
  },
  "securitycraft:recipes/misc/cyan_lens": {
    "criteria": {
      "has_glass_pane": "2024-11-22 21:16:00 +0000"
    },
    "done": true
  },
  "securitycraft:recipes/redstone/reinforced_spruce_button": {
    "criteria": {
      "has_block": "2024-11-22 21:27:45 +0000"
    },
    "done": true
  },
  "minecraft:recipes/decorations/crafting_table": {
    "criteria": {
      "unlock_right_away": "2024-11-22 21:04:11 +0000"
    },
    "done": true
  },
  "minecraft:recipes/decorations/chest": {
    "criteria": {
      "has_lots_of_items": "2024-11-22 21:33:43 +0000"
    },
    "done": true
  },
  "supplementaries:recipes/cage": {
    "criteria": {
      "minecraft:wooden_slabs": "2024-11-22 21:30:32 +0000"
    },
    "done": true
  },
  "minecraft:recipes/transportation/cherry_boat": {
    "criteria": {
      "in_water": "2024-11-22 21:47:15 +0000"
    },
    "done": true
  },
  "minecraft:recipes/redstone/lightning_rod": {
    "criteria": {
      "has_copper_ingot": "2024-11-22 21:48:48 +0000"
    },
    "done": true
  },
  "minecraft:recipes/building_blocks/cherry_planks": {
    "criteria": {
      "has_log": "2024-11-22 21:13:26 +0000"
    },
    "done": true
  },
  "twilightforest:recipes/decorations/wood/spruce_banister": {
    "criteria": {
      "has_item": "2024-11-22 21:30:32 +0000"
    },
    "done": true
  },
  "cfm:recipes/decorations/spruce_desk": {
    "criteria": {
      "has_log": "2024-11-22 21:08:48 +0000"
    },
    "done": true
  },
  "mowziesmobs:root": {
    "criteria": {
      "custom_test_name": "2024-11-22 21:04:12 +0000"
    },
    "done": true
  },
  "supplementaries:recipes/cog_block": {
    "criteria": {
      "has_copper_ingot": "2024-11-22 21:48:48 +0000"
    },
    "done": true
  },
  "minecraft:recipes/transportation/bamboo_raft": {
    "criteria": {
      "in_water": "2024-11-22 21:47:15 +0000"
    },
    "done": true
  },
  "cfm:recipes/decorations/stripped_spruce_park_bench": {
    "criteria": {
      "has_log": "2024-11-22 21:08:48 +0000"
    },
    "done": true
  },
  "securitycraft:recipes/building_blocks/reinforced_stripped_spruce_wood": {
    "criteria": {
      "has_log": "2024-11-22 21:16:23 +0000"
    },
    "done": true
  },
  "minecraft:recipes/decorations/spruce_hanging_sign": {
    "criteria": {
      "has_stripped_logs": "2024-11-22 21:17:34 +0000"
    },
    "done": true
  },
  "securitycraft:recipes/misc/brown_lens": {
    "criteria": {
      "has_glass_pane": "2024-11-22 21:16:00 +0000"
    },
    "done": true
  },
  "supplementaries:recipes/ash_brick": {
    "criteria": {
      "forge:ash": "2024-11-22 21:33:43 +0000"
    },
    "done": true
  },
  "securitycraft:recipes/misc/gray_lens": {
    "criteria": {
      "has_glass_pane": "2024-11-22 21:16:00 +0000"
    },
    "done": true
  },
  "botania:recipes/decorations/lime_shiny_flower": {
    "criteria": {
      "has_item": "2024-11-22 21:41:34 +0000"
    },
    "done": true
  },
  "securitycraft:recipes/building_blocks/reinforced_cherry_planks": {
    "criteria": {
      "has_log": "2024-11-22 21:19:16 +0000"
    },
    "done": true
  },
  "cfm:recipes/decorations/stripped_spruce_cabinet": {
    "criteria": {
      "has_log": "2024-11-22 21:08:48 +0000"
    },
    "done": true
  },
  "supplementaries:recipes/wrench": {
    "criteria": {
      "has_copper_ingot": "2024-11-22 21:48:48 +0000"
    },
    "done": true
  },
  "minecraft:recipes/building_blocks/stripped_spruce_wood": {
    "criteria": {
      "has_log": "2024-11-22 21:17:34 +0000"
    },
    "done": true
  },
  "cfm:recipes/decorations/stripped_spruce_coffee_table": {
    "criteria": {
      "has_planks": "2024-11-22 21:08:48 +0000"
    },
    "done": true
  },
  "minecraft:recipes/building_blocks/lime_concrete_powder": {
    "criteria": {
      "has_sand": "2024-11-22 21:51:48 +0000"
    },
    "done": true
  },
  "minecraft:recipes/building_blocks/copper_block": {
    "criteria": {
      "has_copper_ingot": "2024-11-22 21:48:48 +0000"
    },
    "done": true
  },
  "botania:recipes/tools/flower_bag": {
    "criteria": {
      "has_item": "2024-11-22 21:41:34 +0000"
    },
    "done": true
  },
  "securitycraft:recipes/misc/blue_lens": {
    "criteria": {
      "has_glass_pane": "2024-11-22 21:16:00 +0000"
    },
    "done": true
  },
  "cfm:recipes/decorations/stripped_spruce_kitchen_sink_light": {
    "criteria": {
      "has_bottom": "2024-11-22 21:17:34 +0000"
    },
    "done": true
  },
  "lootr:social": {
    "criteria": {
      "opened_chest": "2024-11-22 21:07:22 +0000"
    },
    "done": false
  },
  "minecraft:recipes/building_blocks/orange_concrete_powder": {
    "criteria": {
      "has_sand": "2024-11-22 21:51:48 +0000"
    },
    "done": true
  },
  "mowziesmobs:suns_blessing": {
    "criteria": {
      "get_suns_blessing": "2024-11-22 22:06:14 +0000"
    },
    "done": true
  },
  "minecraft:recipes/tools/brush": {
    "criteria": {
      "has_copper_ingot": "2024-11-22 21:48:48 +0000"
    },
    "done": true
  },
  "cfm:recipes/decorations/stripped_spruce_chair": {
    "criteria": {
      "has_planks": "2024-11-22 21:08:48 +0000"
    },
    "done": true
  },
  "securitycraft:recipes/misc/lens": {
    "criteria": {
      "has_glass_pane": "2024-11-22 21:16:00 +0000"
    },
    "done": true
  },
  "dungeons_arise:wda_root": {
    "criteria": {
      "WDA": "2024-11-22 21:04:12 +0000"
    },
    "done": true
  },
  "minecraft:recipes/building_blocks/magenta_concrete_powder": {
    "criteria": {
      "has_sand": "2024-11-22 21:51:48 +0000"
    },
    "done": true
  },
  "botania:main/flower_pickup_lexicon": {
    "criteria": {
      "flower": "2024-11-22 21:41:34 +0000"
    },
    "done": true
  },
  "minecraft:recipes/misc/charcoal": {
    "criteria": {
      "has_log": "2024-11-22 21:08:48 +0000"
    },
    "done": true
  },
  "botania:recipes/decorations/purple_shiny_flower": {
    "criteria": {
      "has_item": "2024-11-22 21:44:13 +0000"
    },
    "done": true
  },
  "cfm:recipes/decorations/spruce_upgraded_fence": {
    "criteria": {
      "has_log": "2024-11-22 21:08:48 +0000"
    },
    "done": true
  },
  "supplementaries:recipes/turn_table": {
    "criteria": {
      "has_copper_ingot": "2024-11-22 21:48:48 +0000"
    },
    "done": true
  },
  "securitycraft:recipes/misc/pink_lens": {
    "criteria": {
      "has_glass_pane": "2024-11-22 21:16:00 +0000"
    },
    "done": true
  },
  "botania:recipes/misc/petal_purple": {
    "criteria": {
      "has_item": "2024-11-22 21:44:13 +0000"
    },
    "done": true
  },
  "securitycraft:recipes/redstone/reinforced_sticky_piston": {
    "criteria": {
      "has_slime_ball": "2024-11-22 22:01:18 +0000"
    },
    "done": true
  },
  "cfm:recipes/decorations/spruce_park_bench": {
    "criteria": {
      "has_log": "2024-11-22 21:08:48 +0000"
    },
    "done": true
  },
  "minecraft:recipes/brewing/cauldron": {
    "criteria": {
      "has_water_bucket": "2024-11-22 21:37:23 +0000"
    },
    "done": true
  },
  "minecraft:recipes/transportation/acacia_boat": {
    "criteria": {
      "in_water": "2024-11-22 21:47:15 +0000"
    },
    "done": true
  },
  "minecraft:adventure/root": {
    "criteria": {
      "killed_something": "2024-11-22 21:11:37 +0000"
    },
    "done": true
  },
  "securitycraft:recipes/building_blocks/reinforced_spruce_stairs": {
    "criteria": {
      "has_block": "2024-11-22 21:27:45 +0000"
    },
    "done": true
  },
  "minecraft:recipes/building_blocks/black_concrete_powder": {
    "criteria": {
      "has_sand": "2024-11-22 21:51:48 +0000"
    },
    "done": true
  },
  "supplementaries:recipes/item_shelf": {
    "criteria": {
      "minecraft:wooden_slabs": "2024-11-22 21:30:32 +0000"
    },
    "done": true
  },
  "betterdungeons:root": {
    "criteria": {
      "always": "2024-11-22 21:04:11 +0000"
    },
    "done": true
  },
  "friendsandfoes:nether/obtain_wildfire_crown": {
    "criteria": {
      "wildfire_crown": "2024-11-22 22:03:15 +0000"
    },
    "done": true
  },
  "minecraft:recipes/decorations/barrel": {
    "criteria": {
      "has_wood_slab": "2024-11-22 21:30:32 +0000"
    },
    "done": true
  },
  "securitycraft:recipes/tools/remote_access_sentry": {
    "criteria": {
      "has_sentry": "2024-11-22 22:04:06 +0000"
    },
    "done": true
  },
  "securitycraft:recipes/misc/magenta_lens": {
    "criteria": {
      "has_glass_pane": "2024-11-22 21:16:00 +0000"
    },
    "done": true
  },
  "minecraft:recipes/building_blocks/purple_concrete_powder": {
    "criteria": {
      "has_sand": "2024-11-22 21:51:48 +0000"
    },
    "done": true
  },
  "botania:recipes/decorations/apothecary_default": {
    "criteria": {
      "has_item": "2024-11-22 21:41:48 +0000"
    },
    "done": true
  },
  "securitycraft:recipes/misc/green_lens": {
    "criteria": {
      "has_glass_pane": "2024-11-22 21:16:00 +0000"
    },
    "done": true
  },
  "securitycraft:recipes/misc/sc_manual": {
    "criteria": {
      "has_wood": "2024-11-22 21:08:48 +0000"
    },
    "done": true
  },
  "securitycraft:recipes/misc/reinforced_nether_brick_fence": {
    "criteria": {
      "has_stick": "2024-11-22 21:55:37 +0000"
    },
    "done": true
  },
  "minecraft:recipes/building_blocks/cyan_concrete_powder": {
    "criteria": {
      "has_sand": "2024-11-22 21:51:48 +0000"
    },
    "done": true
  },
  "securitycraft:recipes/misc/red_lens": {
    "criteria": {
      "has_glass_pane": "2024-11-22 21:16:00 +0000"
    },
    "done": true
  },
  "minecraft:recipes/misc/ice_from_freezing": {
    "criteria": {
      "has_water": "2024-11-22 21:37:23 +0000"
    },
    "done": true
  },
  "cfm:recipes/decorations/stripped_spruce_table": {
    "criteria": {
      "has_planks": "2024-11-22 21:08:48 +0000"
    },
    "done": true
  },
  "minecraft:recipes/transportation/jungle_boat": {
    "criteria": {
      "in_water": "2024-11-22 21:47:15 +0000"
    },
    "done": true
  },
  "twilightforest:recipes/transportation/twilight_oak_boat": {
    "criteria": {
      "in_water": "2024-11-22 21:47:15 +0000"
    },
    "done": true
  },
  "twilightforest:recipes/transportation/time_boat": {
    "criteria": {
      "in_water": "2024-11-22 21:47:15 +0000"
    },
    "done": true
  },
  "lootr:1chest": {
    "criteria": {
      "opened_chest": "2024-11-22 21:07:22 +0000"
    },
    "done": true
  },
  "twilightforest:recipes/transportation/mining_boat": {
    "criteria": {
      "in_water": "2024-11-22 21:47:15 +0000"
    },
    "done": true
  },
  "minecraft:recipes/building_blocks/light_gray_concrete_powder": {
    "criteria": {
      "has_sand": "2024-11-22 21:51:48 +0000"
    },
    "done": true
  },
  "minecraft:recipes/building_blocks/pink_concrete_powder": {
    "criteria": {
      "has_sand": "2024-11-22 21:51:48 +0000"
    },
    "done": true
  },
  "securitycraft:recipes/misc/orange_lens": {
    "criteria": {
      "has_glass_pane": "2024-11-22 21:16:00 +0000"
    },
    "done": true
  },
  "supplementaries:recipes/boat_jar": {
    "criteria": {
      "has_jar": "2024-11-22 21:50:39 +0000"
    },
    "done": true
  },
  "botania:main/root": {
    "criteria": {
      "flower": "2024-11-22 21:41:34 +0000"
    },
    "done": true
  },
  "botania:recipes/misc/petal_lime": {
    "criteria": {
      "has_item": "2024-11-22 21:41:34 +0000"
    },
    "done": true
  },
  "minecraft:recipes/building_blocks/brown_concrete_powder": {
    "criteria": {
      "has_sand": "2024-11-22 21:51:48 +0000"
    },
    "done": true
  },
  "supplementaries:recipes/flower_box": {
    "criteria": {
      "minecraft:wooden_slabs": "2024-11-22 21:30:32 +0000"
    },
    "done": true
  },
  "minecraft:recipes/building_blocks/light_blue_concrete_powder": {
    "criteria": {
      "has_sand": "2024-11-22 21:51:48 +0000"
    },
    "done": true
  },
  "minecraft:recipes/building_blocks/glass": {
    "criteria": {
      "has_smelts_to_glass": "2024-11-22 21:51:48 +0000"
    },
    "done": true
  },
  "supplementaries:recipes/globe_sepia": {
    "criteria": {
      "has_globe": "2024-11-22 21:50:36 +0000"
    },
    "done": true
  },
  "minecraft:recipes/decorations/composter": {
    "criteria": {
      "has_wood_slab": "2024-11-22 21:30:32 +0000"
    },
    "done": true
  },
  "cfm:recipes/decorations/spruce_blinds": {
    "criteria": {
      "has_log": "2024-11-22 21:08:48 +0000"
    },
    "done": true
  },
  "twilightforest:recipes/transportation/mangrove_boat": {
    "criteria": {
      "in_water": "2024-11-22 21:47:15 +0000"
    },
    "done": true
  },
  "cfm:recipes/decorations/stripped_spruce_crate": {
    "criteria": {
      "has_planks": "2024-11-22 21:08:48 +0000"
    },
    "done": true
  },
  "supplementaries:recipes/bamboo_spikes": {
    "criteria": {
      "minecraft:wooden_slabs": "2024-11-22 21:30:32 +0000"
    },
    "done": true
  },
  "twilightforest:recipes/transportation/transformation_boat": {
    "criteria": {
      "in_water": "2024-11-22 21:47:15 +0000"
    },
    "done": true
  },
  "minecraft:recipes/building_blocks/white_concrete_powder": {
    "criteria": {
      "has_sand": "2024-11-22 21:51:48 +0000"
    },
    "done": true
  },
  "securitycraft:recipes/misc/purple_lens": {
    "criteria": {
      "has_glass_pane": "2024-11-22 21:16:00 +0000"
    },
    "done": true
  },
  "cfm:recipes/decorations/spruce_cabinet": {
    "criteria": {
      "has_log": "2024-11-22 21:08:48 +0000"
    },
    "done": true
  },
  "minecraft:recipes/building_blocks/spruce_wood": {
    "criteria": {
      "has_log": "2024-11-22 21:08:48 +0000"
    },
    "done": true
  },
  "securitycraft:recipes/building_blocks/reinforced_spruce_planks": {
    "criteria": {
      "has_log": "2024-11-22 21:16:23 +0000"
    },
    "done": true
  },
  "lootr:root": {
    "criteria": {
      "always_true": "2024-11-22 21:04:12 +0000"
    },
    "done": true
  },
  "cfm:recipes/decorations/stripped_spruce_upgraded_fence": {
    "criteria": {
      "has_log": "2024-11-22 21:17:34 +0000"
    },
    "done": true
  },
  "supplementaries:recipes/bellows": {
    "criteria": {
      "minecraft:wooden_slabs": "2024-11-22 21:30:32 +0000"
    },
    "done": true
  },
  "nethersdelight:recipes/misc/iron_nugget_from_smelting_machete": {
    "criteria": {
      "has_iron_machete": "2024-11-22 22:02:37 +0000"
    },
    "done": true
  },
  "securitycraft:recipes/misc/light_blue_lens": {
    "criteria": {
      "has_glass_pane": "2024-11-22 21:16:00 +0000"
    },
    "done": true
  },
  "minecraft:recipes/transportation/spruce_boat": {
    "criteria": {
      "in_water": "2024-11-22 21:47:15 +0000"
    },
    "done": true
  },
  "cfm:recipes/decorations/spruce_crate": {
    "criteria": {
      "has_log": "2024-11-22 21:08:48 +0000"
    },
    "done": true
  },
  "minecraft:recipes/transportation/birch_boat": {
    "criteria": {
      "in_water": "2024-11-22 21:47:15 +0000"
    },
    "done": true
  },
  "supplementaries:recipes/blackboard": {
    "criteria": {
      "minecraft:wooden_slabs": "2024-11-22 21:30:32 +0000"
    },
    "done": true
  },
  "minecraft:recipes/building_blocks/cherry_wood": {
    "criteria": {
      "has_log": "2024-11-22 21:13:26 +0000"
    },
    "done": true
  },
  "securitycraft:recipes/misc/yellow_lens": {
    "criteria": {
      "has_glass_pane": "2024-11-22 21:16:00 +0000"
    },
    "done": true
  },
  "minecraft:recipes/transportation/oak_boat": {
    "criteria": {
      "in_water": "2024-11-22 21:47:15 +0000"
    },
    "done": true
  },
  "cfm:recipes/decorations/spruce_upgraded_gate": {
    "criteria": {
      "has_log": "2024-11-22 21:08:48 +0000"
    },
    "done": true
  },
  "minecraft:recipes/transportation/mangrove_boat": {
    "criteria": {
      "in_water": "2024-11-22 21:47:15 +0000"
    },
    "done": true
  },
  "minecraft:recipes/building_blocks/spruce_planks": {
    "criteria": {
      "has_logs": "2024-11-22 21:08:48 +0000"
    },
    "done": true
  },
  "securitycraft:recipes/redstone/reinforced_spruce_pressure_plate": {
    "criteria": {
      "has_block": "2024-11-22 21:27:45 +0000"
    },
    "done": true
  },
  "supplementaries:recipes/altimeter": {
    "criteria": {
      "has_copper_ingot": "2024-11-22 21:48:48 +0000"
    },
    "done": true
  },
  "twilightforest:recipes/transportation/canopy_boat": {
    "criteria": {
      "in_water": "2024-11-22 21:47:15 +0000"
    },
    "done": true
  },
  "minecraft:recipes/building_blocks/nether_bricks": {
    "criteria": {
      "has_nether_brick": "2024-11-22 21:55:37 +0000"
    },
    "done": true
  },
  "twilightforest:recipes/transportation/dark_boat": {
    "criteria": {
      "in_water": "2024-11-22 21:47:15 +0000"
    },
    "done": true
  },
  "twilightforest:recipes/misc/alpha_yeti_banner_pattern": {
    "criteria": {
      "has_trophy": "2024-11-22 21:43:36 +0000"
    },
    "done": true
  },
  "cfm:recipes/decorations/spruce_bedside_cabinet": {
    "criteria": {
      "has_log": "2024-11-22 21:08:48 +0000"
    },
    "done": true
  },
  "friendsandfoes:recipes/redstone/copper_button": {
    "criteria": {
      "has_copper_ingot": "2024-11-22 21:48:48 +0000"
    },
    "done": true
  },
  "farmersdelight:main/root": {
    "criteria": {
      "seeds": "2024-11-22 21:03:54 +0000"
    },
    "done": true
  },
  "botania:recipes/tools/dreamwood_wand": {
    "criteria": {
      "has_item": "2024-11-22 21:41:48 +0000"
    },
    "done": true
  },
  "nethersdelight:recipes/misc/iron_nugget_from_blasting_machete": {
    "criteria": {
      "has_iron_machete": "2024-11-22 22:02:37 +0000"
    },
    "done": true
  },
  "cfm:recipes/decorations/spruce_desk_cabinet": {
    "criteria": {
      "has_log": "2024-11-22 21:08:48 +0000"
    },
    "done": true
  },
  "twilightforest:progress_yeti": {
    "criteria": {
      "trophy": "2024-11-22 21:43:36 +0000"
    },
    "done": false
  },
  "minecraft:recipes/building_blocks/yellow_concrete_powder": {
    "criteria": {
      "has_sand": "2024-11-22 21:51:48 +0000"
    },
    "done": true
  },
  "cfm:recipes/decorations/spruce_kitchen_counter": {
    "criteria": {
      "has_log": "2024-11-22 21:08:48 +0000"
    },
    "done": true
  },
  "cfm:recipes/decorations/stripped_spruce_desk": {
    "criteria": {
      "has_planks": "2024-11-22 21:08:48 +0000"
    },
    "done": true
  },
  "minecraft:recipes/building_blocks/sandstone": {
    "criteria": {
      "has_sand": "2024-11-22 21:51:48 +0000"
    },
    "done": true
  },
  "nethersdelight:recipes/decorations/blackstone_stove": {
    "criteria": {
      "has_nether_brick": "2024-11-22 21:55:37 +0000"
    },
    "done": true
  },
  "cfm:recipes/decorations/stripped_spruce_kitchen_drawer": {
    "criteria": {
      "has_log": "2024-11-22 21:08:48 +0000"
    },
    "done": true
  },
  "minecraft:recipes/building_blocks/gray_concrete_powder": {
    "criteria": {
      "has_sand": "2024-11-22 21:51:48 +0000"
    },
    "done": true
  },
  "cfm:recipes/decorations/stripped_spruce_desk_cabinet": {
    "criteria": {
      "has_planks": "2024-11-22 21:08:48 +0000"
    },
    "done": true
  },
  "artifacts:amateur_archaeologist": {
    "criteria": {
      "find_artifact": "2024-11-22 21:48:25 +0000"
    },
    "done": true
  },
  "minecraft:adventure/adventuring_time": {
    "criteria": {
      "minecraft:plains": "2024-11-22 21:04:13 +0000"
    },
    "done": false
  },
  "supplementaries:recipes/jar": {
    "criteria": {
      "minecraft:wooden_slabs": "2024-11-22 21:30:32 +0000"
    },
    "done": true
  },
  "securitycraft:recipes/building_blocks/reinforced_spruce_slab": {
    "criteria": {
      "has_block": "2024-11-22 21:27:45 +0000"
    },
    "done": true
  },
  "supplementaries:recipes/pulley": {
    "criteria": {
      "minecraft:wooden_slabs": "2024-11-22 21:30:32 +0000"
    },
    "done": true
  },
  "cfm:recipes/decorations/spruce_kitchen_drawer": {
    "criteria": {
      "has_log": "2024-11-22 21:08:48 +0000"
    },
    "done": true
  },
  "twilightforest:recipes/transportation/sorting_boat": {
    "criteria": {
      "in_water": "2024-11-22 21:47:15 +0000"
    },
    "done": true
  },
  "supplementaries:adventure/globe": {
    "criteria": {
      "unlock": "2024-11-22 21:51:17 +0000"
    },
    "done": true
  },
  "botania:main/flower_pickup": {
    "criteria": {
      "flower": "2024-11-22 21:41:34 +0000"
    },
    "done": true
  },
  "cfm:recipes/decorations/stripped_spruce_bedside_cabinet": {
    "criteria": {
      "has_planks": "2024-11-22 21:08:48 +0000"
    },
    "done": true
  },
  "securitycraft:recipes/misc/light_gray_lens": {
    "criteria": {
      "has_glass_pane": "2024-11-22 21:16:00 +0000"
    },
    "done": true
  },
  "securitycraft:recipes/misc/white_lens": {
    "criteria": {
      "has_glass_pane": "2024-11-22 21:16:00 +0000"
    },
    "done": true
  },
  "securitycraft:recipes/misc/black_lens": {
    "criteria": {
      "has_glass_pane": "2024-11-22 21:16:00 +0000"
    },
    "done": true
  },
  "minecraft:recipes/transportation/dark_oak_boat": {
    "criteria": {
      "in_water": "2024-11-22 21:47:15 +0000"
    },
    "done": true
  },
  "cfm:recipes/decorations/stripped_spruce_kitchen_sink_dark": {
    "criteria": {
      "has_bottom": "2024-11-22 21:17:34 +0000"
    },
    "done": true
  },
  "cfm:recipes/decorations/spruce_table": {
    "criteria": {
      "has_log": "2024-11-22 21:08:48 +0000"
    },
    "done": true
  },
  "DataVersion": 3465
}