{
  "sosorgans:grant_book_on_first_join": {
    "criteria": {
      "tick": "2024-11-22 21:08:22 +0000"
    },
    "done": true
  },
  "minecraft:recipes/decorations/crafting_table": {
    "criteria": {
      "unlock_right_away": "2024-11-22 21:08:22 +0000"
    },
    "done": true
  },
  "mowziesmobs:root": {
    "criteria": {
      "custom_test_name": "2024-11-22 21:08:22 +0000"
    },
    "done": true
  },
  "dungeons_arise:wda_root": {
    "criteria": {
      "WDA": "2024-11-22 21:08:22 +0000"
    },
    "done": true
  },
  "betterdungeons:root": {
    "criteria": {
      "always": "2024-11-22 21:08:22 +0000"
    },
    "done": true
  },
  "lootr:root": {
    "criteria": {
      "always_true": "2024-11-22 21:08:22 +0000"
    },
    "done": true
  },
  "farmersdelight:main/root": {
    "criteria": {
      "seeds": "2024-11-22 21:08:22 +0000"
    },
    "done": true
  },
  "minecraft:adventure/adventuring_time": {
    "criteria": {
      "minecraft:plains": "2024-11-22 21:08:23 +0000"
    },
    "done": false
  },
  "minecraft:adventure/root": {
    "criteria": {
      "killed_by_something": "2024-11-22 21:11:37 +0000"
    },
    "done": true
  },
  "minecraft:recipes/building_blocks/cherry_planks": {
    "criteria": {
      "has_log": "2024-11-22 21:18:30 +0000"
    },
    "done": true
  },
  "minecraft:recipes/misc/charcoal": {
    "criteria": {
      "has_log": "2024-11-22 21:18:30 +0000"
    },
    "done": true
  },
  "securitycraft:recipes/misc/sc_manual": {
    "criteria": {
      "has_wood": "2024-11-22 21:18:30 +0000"
    },
    "done": true
  },
  "securitycraft:recipes/building_blocks/reinforced_stripped_spruce_wood": {
    "criteria": {
      "has_log": "2024-11-22 21:18:34 +0000"
    },
    "done": true
  },
  "securitycraft:recipes/building_blocks/reinforced_spruce_planks": {
    "criteria": {
      "has_log": "2024-11-22 21:18:34 +0000"
    },
    "done": true
  },
  "securitycraft:recipes/misc/lime_lens": {
    "criteria": {
      "has_glass_pane": "2024-11-22 21:19:11 +0000"
    },
    "done": true
  },
  "securitycraft:recipes/misc/cyan_lens": {
    "criteria": {
      "has_glass_pane": "2024-11-22 21:19:11 +0000"
    },
    "done": true
  },
  "securitycraft:recipes/misc/brown_lens": {
    "criteria": {
      "has_glass_pane": "2024-11-22 21:19:11 +0000"
    },
    "done": true
  },
  "securitycraft:recipes/misc/gray_lens": {
    "criteria": {
      "has_glass_pane": "2024-11-22 21:19:11 +0000"
    },
    "done": true
  },
  "securitycraft:recipes/misc/blue_lens": {
    "criteria": {
      "has_glass_pane": "2024-11-22 21:19:11 +0000"
    },
    "done": true
  },
  "securitycraft:recipes/misc/lens": {
    "criteria": {
      "has_glass_pane": "2024-11-22 21:19:11 +0000"
    },
    "done": true
  },
  "securitycraft:recipes/misc/pink_lens": {
    "criteria": {
      "has_glass_pane": "2024-11-22 21:19:11 +0000"
    },
    "done": true
  },
  "securitycraft:recipes/misc/magenta_lens": {
    "criteria": {
      "has_glass_pane": "2024-11-22 21:19:11 +0000"
    },
    "done": true
  },
  "securitycraft:recipes/misc/green_lens": {
    "criteria": {
      "has_glass_pane": "2024-11-22 21:19:11 +0000"
    },
    "done": true
  },
  "securitycraft:recipes/misc/red_lens": {
    "criteria": {
      "has_glass_pane": "2024-11-22 21:19:11 +0000"
    },
    "done": true
  },
  "securitycraft:recipes/misc/orange_lens": {
    "criteria": {
      "has_glass_pane": "2024-11-22 21:19:11 +0000"
    },
    "done": true
  },
  "securitycraft:recipes/misc/purple_lens": {
    "criteria": {
      "has_glass_pane": "2024-11-22 21:19:11 +0000"
    },
    "done": true
  },
  "securitycraft:recipes/misc/light_blue_lens": {
    "criteria": {
      "has_glass_pane": "2024-11-22 21:19:11 +0000"
    },
    "done": true
  },
  "securitycraft:recipes/misc/yellow_lens": {
    "criteria": {
      "has_glass_pane": "2024-11-22 21:19:11 +0000"
    },
    "done": true
  },
  "securitycraft:recipes/misc/light_gray_lens": {
    "criteria": {
      "has_glass_pane": "2024-11-22 21:19:11 +0000"
    },
    "done": true
  },
  "securitycraft:recipes/misc/white_lens": {
    "criteria": {
      "has_glass_pane": "2024-11-22 21:19:11 +0000"
    },
    "done": true
  },
  "securitycraft:recipes/misc/black_lens": {
    "criteria": {
      "has_glass_pane": "2024-11-22 21:19:11 +0000"
    },
    "done": true
  },
  "securitycraft:recipes/building_blocks/reinforced_cherry_planks": {
    "criteria": {
      "has_log": "2024-11-22 21:19:25 +0000"
    },
    "done": true
  },
  "securitycraft:recipes/building_blocks/reinforced_cherry_wood": {
    "criteria": {
      "has_log": "2024-11-22 21:19:37 +0000"
    },
    "done": true
  },
  "cfm:recipes/decorations/stripped_spruce_kitchen_counter": {
    "criteria": {
      "has_log": "2024-11-22 21:22:42 +0000"
    },
    "done": true
  },
  "cfm:recipes/decorations/spruce_coffee_table": {
    "criteria": {
      "has_log": "2024-11-22 21:22:42 +0000"
    },
    "done": true
  },
  "cfm:recipes/decorations/spruce_chair": {
    "criteria": {
      "has_log": "2024-11-22 21:22:42 +0000"
    },
    "done": true
  },
  "cfm:recipes/decorations/spruce_desk": {
    "criteria": {
      "has_log": "2024-11-22 21:22:42 +0000"
    },
    "done": true
  },
  "cfm:recipes/decorations/stripped_spruce_park_bench": {
    "criteria": {
      "has_log": "2024-11-22 21:22:42 +0000"
    },
    "done": true
  },
  "cfm:recipes/decorations/stripped_spruce_cabinet": {
    "criteria": {
      "has_log": "2024-11-22 21:22:42 +0000"
    },
    "done": true
  },
  "cfm:recipes/decorations/stripped_spruce_coffee_table": {
    "criteria": {
      "has_planks": "2024-11-22 21:22:42 +0000"
    },
    "done": true
  },
  "cfm:recipes/decorations/stripped_spruce_chair": {
    "criteria": {
      "has_planks": "2024-11-22 21:22:42 +0000"
    },
    "done": true
  },
  "cfm:recipes/decorations/spruce_upgraded_fence": {
    "criteria": {
      "has_log": "2024-11-22 21:22:42 +0000"
    },
    "done": true
  },
  "cfm:recipes/decorations/spruce_park_bench": {
    "criteria": {
      "has_log": "2024-11-22 21:22:42 +0000"
    },
    "done": true
  },
  "cfm:recipes/decorations/stripped_spruce_table": {
    "criteria": {
      "has_planks": "2024-11-22 21:22:42 +0000"
    },
    "done": true
  },
  "cfm:recipes/decorations/spruce_blinds": {
    "criteria": {
      "has_log": "2024-11-22 21:22:42 +0000"
    },
    "done": true
  },
  "cfm:recipes/decorations/stripped_spruce_crate": {
    "criteria": {
      "has_planks": "2024-11-22 21:22:42 +0000"
    },
    "done": true
  },
  "cfm:recipes/decorations/spruce_cabinet": {
    "criteria": {
      "has_log": "2024-11-22 21:22:42 +0000"
    },
    "done": true
  },
  "minecraft:recipes/building_blocks/spruce_wood": {
    "criteria": {
      "has_log": "2024-11-22 21:22:42 +0000"
    },
    "done": true
  },
  "cfm:recipes/decorations/spruce_crate": {
    "criteria": {
      "has_log": "2024-11-22 21:22:42 +0000"
    },
    "done": true
  },
  "cfm:recipes/decorations/spruce_upgraded_gate": {
    "criteria": {
      "has_log": "2024-11-22 21:22:42 +0000"
    },
    "done": true
  },
  "minecraft:recipes/building_blocks/spruce_planks": {
    "criteria": {
      "has_logs": "2024-11-22 21:22:42 +0000"
    },
    "done": true
  },
  "cfm:recipes/decorations/spruce_bedside_cabinet": {
    "criteria": {
      "has_log": "2024-11-22 21:22:42 +0000"
    },
    "done": true
  },
  "cfm:recipes/decorations/spruce_desk_cabinet": {
    "criteria": {
      "has_log": "2024-11-22 21:22:42 +0000"
    },
    "done": true
  },
  "cfm:recipes/decorations/spruce_kitchen_counter": {
    "criteria": {
      "has_log": "2024-11-22 21:22:42 +0000"
    },
    "done": true
  },
  "cfm:recipes/decorations/stripped_spruce_desk": {
    "criteria": {
      "has_planks": "2024-11-22 21:22:42 +0000"
    },
    "done": true
  },
  "cfm:recipes/decorations/stripped_spruce_kitchen_drawer": {
    "criteria": {
      "has_log": "2024-11-22 21:22:42 +0000"
    },
    "done": true
  },
  "cfm:recipes/decorations/stripped_spruce_desk_cabinet": {
    "criteria": {
      "has_planks": "2024-11-22 21:22:42 +0000"
    },
    "done": true
  },
  "cfm:recipes/decorations/spruce_kitchen_drawer": {
    "criteria": {
      "has_log": "2024-11-22 21:22:42 +0000"
    },
    "done": true
  },
  "cfm:recipes/decorations/stripped_spruce_bedside_cabinet": {
    "criteria": {
      "has_planks": "2024-11-22 21:22:42 +0000"
    },
    "done": true
  },
  "cfm:recipes/decorations/spruce_table": {
    "criteria": {
      "has_log": "2024-11-22 21:22:42 +0000"
    },
    "done": true
  },
  "securitycraft:recipes/tools/remote_access_sentry": {
    "criteria": {
      "has_sentry": "2024-11-22 21:27:56 +0000"
    },
    "done": true
  },
  "minecraft:recipes/misc/bone_meal": {
    "criteria": {
      "has_bone": "2024-11-22 21:29:16 +0000"
    },
    "done": true
  },
  "farmersdelight:recipes/cooking/bone_broth": {
    "criteria": {
      "has_bone": "2024-11-22 21:29:16 +0000"
    },
    "done": true
  },
  "minecraft:recipes/decorations/chest": {
    "criteria": {
      "has_lots_of_items": "2024-11-22 21:29:42 +0000"
    },
    "done": true
  },
  "supplementaries:recipes/soap": {
    "criteria": {
      "has_water_bucket": "2024-11-22 21:35:04 +0000"
    },
    "done": true
  },
  "minecraft:recipes/brewing/cauldron": {
    "criteria": {
      "has_water_bucket": "2024-11-22 21:35:04 +0000"
    },
    "done": true
  },
  "minecraft:recipes/misc/ice_from_freezing": {
    "criteria": {
      "has_water": "2024-11-22 21:35:04 +0000"
    },
    "done": true
  },
  "minecraft:recipes/redstone/tripwire_hook": {
    "criteria": {
      "has_string": "2024-11-22 21:38:26 +0000"
    },
    "done": true
  },
  "supplementaries:recipes/bomb": {
    "criteria": {
      "has_string": "2024-11-22 21:38:26 +0000"
    },
    "done": true
  },
  "minecraft:recipes/decorations/candle": {
    "criteria": {
      "has_string": "2024-11-22 21:38:26 +0000"
    },
    "done": true
  },
  "supplementaries:recipes/slingshot": {
    "criteria": {
      "has_string": "2024-11-22 21:38:26 +0000"
    },
    "done": true
  },
  "minecraft:recipes/combat/crossbow": {
    "criteria": {
      "has_string": "2024-11-22 21:38:26 +0000"
    },
    "done": true
  },
  "supplementaries:recipes/sack": {
    "criteria": {
      "has_string": "2024-11-22 21:38:26 +0000"
    },
    "done": true
  },
  "minecraft:recipes/combat/bow": {
    "criteria": {
      "has_string": "2024-11-22 21:38:26 +0000"
    },
    "done": true
  },
  "minecraft:recipes/tools/fishing_rod": {
    "criteria": {
      "has_string": "2024-11-22 21:38:26 +0000"
    },
    "done": true
  },
  "minecraft:recipes/building_blocks/white_wool_from_string": {
    "criteria": {
      "has_string": "2024-11-22 21:38:26 +0000"
    },
    "done": true
  },
  "minecraft:recipes/decorations/loom": {
    "criteria": {
      "has_string": "2024-11-22 21:38:26 +0000"
    },
    "done": true
  },
  "minecraft:adventure/kill_all_mobs": {
    "criteria": {
      "minecraft:spider": "2024-11-22 21:38:49 +0000",
      "minecraft:zombie": "2024-11-22 21:59:21 +0000"
    },
    "done": false
  },
  "minecraft:adventure/kill_a_mob": {
    "criteria": {
      "minecraft:spider": "2024-11-22 21:38:49 +0000"
    },
    "done": true
  },
  "alexsmobs:alexsmobs/maraca": {
    "criteria": {
      "maraca": "2024-11-22 21:41:00 +0000"
    },
    "done": true
  },
  "minecraft:recipes/brewing/fermented_spider_eye": {
    "criteria": {
      "has_spider_eye": "2024-11-22 21:42:30 +0000"
    },
    "done": true
  },
  "alexsmobs:alexsmobs/la_cucaracha": {
    "criteria": {
      "tame": "2024-11-22 21:43:03 +0000"
    },
    "done": true
  },
  "twilightforest:arborist": {
    "criteria": {
      "time_banister": "2024-11-22 22:31:37 +0000",
      "dark_leaves": "2024-11-22 21:44:18 +0000"
    },
    "done": false
  },
  "artifacts:amateur_archaeologist": {
    "criteria": {
      "find_artifact": "2024-11-22 21:45:05 +0000"
    },
    "done": true
  },
  "deeperdarker:recipes/transportation/echo_boat": {
    "criteria": {
      "in_water": "2024-11-22 21:47:16 +0000"
    },
    "done": true
  },
  "deeperdarker:recipes/transportation/bloom_boat": {
    "criteria": {
      "in_water": "2024-11-22 21:47:16 +0000"
    },
    "done": true
  },
  "minecraft:recipes/transportation/cherry_boat": {
    "criteria": {
      "in_water": "2024-11-22 21:47:16 +0000"
    },
    "done": true
  },
  "minecraft:recipes/transportation/bamboo_raft": {
    "criteria": {
      "in_water": "2024-11-22 21:47:16 +0000"
    },
    "done": true
  },
  "minecraft:recipes/transportation/acacia_boat": {
    "criteria": {
      "in_water": "2024-11-22 21:47:16 +0000"
    },
    "done": true
  },
  "minecraft:recipes/transportation/jungle_boat": {
    "criteria": {
      "in_water": "2024-11-22 21:47:16 +0000"
    },
    "done": true
  },
  "twilightforest:recipes/transportation/twilight_oak_boat": {
    "criteria": {
      "in_water": "2024-11-22 21:47:16 +0000"
    },
    "done": true
  },
  "twilightforest:recipes/transportation/time_boat": {
    "criteria": {
      "in_water": "2024-11-22 21:47:16 +0000"
    },
    "done": true
  },
  "twilightforest:recipes/transportation/mining_boat": {
    "criteria": {
      "in_water": "2024-11-22 21:47:16 +0000"
    },
    "done": true
  },
  "twilightforest:recipes/transportation/mangrove_boat": {
    "criteria": {
      "in_water": "2024-11-22 21:47:16 +0000"
    },
    "done": true
  },
  "twilightforest:recipes/transportation/transformation_boat": {
    "criteria": {
      "in_water": "2024-11-22 21:47:16 +0000"
    },
    "done": true
  },
  "minecraft:recipes/transportation/spruce_boat": {
    "criteria": {
      "in_water": "2024-11-22 21:47:16 +0000"
    },
    "done": true
  },
  "minecraft:recipes/transportation/birch_boat": {
    "criteria": {
      "in_water": "2024-11-22 21:47:16 +0000"
    },
    "done": true
  },
  "minecraft:recipes/transportation/oak_boat": {
    "criteria": {
      "in_water": "2024-11-22 21:47:16 +0000"
    },
    "done": true
  },
  "minecraft:recipes/transportation/mangrove_boat": {
    "criteria": {
      "in_water": "2024-11-22 21:47:16 +0000"
    },
    "done": true
  },
  "twilightforest:recipes/transportation/canopy_boat": {
    "criteria": {
      "in_water": "2024-11-22 21:47:16 +0000"
    },
    "done": true
  },
  "twilightforest:recipes/transportation/dark_boat": {
    "criteria": {
      "in_water": "2024-11-22 21:47:16 +0000"
    },
    "done": true
  },
  "twilightforest:recipes/transportation/sorting_boat": {
    "criteria": {
      "in_water": "2024-11-22 21:47:16 +0000"
    },
    "done": true
  },
  "minecraft:recipes/transportation/dark_oak_boat": {
    "criteria": {
      "in_water": "2024-11-22 21:47:16 +0000"
    },
    "done": true
  },
  "friendsandfoes:adventure/the_magicians": {
    "criteria": {
      "killed_iceologer": "2024-11-22 21:49:25 +0000"
    },
    "done": false
  },
  "friendsandfoes:adventure/kill_iceologer": {
    "criteria": {
      "killed_iceologer": "2024-11-22 21:49:25 +0000"
    },
    "done": true
  },
  "minecraft:recipes/building_blocks/emerald_block": {
    "criteria": {
      "has_emerald": "2024-11-22 21:49:26 +0000"
    },
    "done": true
  },
  "supplementaries:recipes/speaker_block": {
    "criteria": {
      "has_emerald": "2024-11-22 21:49:26 +0000"
    },
    "done": true
  },
  "minecraft:recipes/redstone/lightning_rod": {
    "criteria": {
      "has_copper_ingot": "2024-11-22 21:50:38 +0000"
    },
    "done": true
  },
  "supplementaries:recipes/cog_block": {
    "criteria": {
      "has_copper_ingot": "2024-11-22 21:50:38 +0000"
    },
    "done": true
  },
  "supplementaries:recipes/wrench": {
    "criteria": {
      "has_copper_ingot": "2024-11-22 21:50:38 +0000"
    },
    "done": true
  },
  "minecraft:recipes/building_blocks/copper_block": {
    "criteria": {
      "has_copper_ingot": "2024-11-22 21:50:38 +0000"
    },
    "done": true
  },
  "minecraft:recipes/tools/brush": {
    "criteria": {
      "has_copper_ingot": "2024-11-22 21:50:38 +0000"
    },
    "done": true
  },
  "supplementaries:recipes/turn_table": {
    "criteria": {
      "has_copper_ingot": "2024-11-22 21:50:38 +0000"
    },
    "done": true
  },
  "supplementaries:recipes/altimeter": {
    "criteria": {
      "has_copper_ingot": "2024-11-22 21:50:38 +0000"
    },
    "done": true
  },
  "friendsandfoes:recipes/redstone/copper_button": {
    "criteria": {
      "has_copper_ingot": "2024-11-22 21:50:38 +0000"
    },
    "done": true
  },
  "supplementaries:adventure/globe": {
    "criteria": {
      "unlock": "2024-11-22 21:51:18 +0000"
    },
    "done": true
  },
  "alexsmobs:alexsmobs/root": {
    "criteria": {
      "useitem": "2024-11-22 21:52:07 +0000"
    },
    "done": true
  },
  "minecraft:husbandry/root": {
    "criteria": {
      "consumed_item": "2024-11-22 21:52:07 +0000"
    },
    "done": true
  },
  "botania:main/bauble_wear": {
    "criteria": {
      "code_triggered": "2024-11-22 21:54:12 +0000"
    },
    "done": true
  },
  "deeperdarker:main/warden_armor": {
    "criteria": {
      "warden_armor": "2024-11-22 22:02:44 +0000"
    },
    "done": true
  },
  "supplementaries:recipes/flower_box": {
    "criteria": {
      "has_dirt": "2024-11-22 22:04:17 +0000"
    },
    "done": true
  },
  "mowziesmobs:suns_blessing": {
    "criteria": {
      "get_suns_blessing": "2024-11-22 22:05:53 +0000"
    },
    "done": true
  },
  "botania:recipes/combat/manasteel_helmet": {
    "criteria": {
      "has_item": "2024-11-22 22:35:59 +0000"
    },
    "done": true
  },
  "botania:recipes/decorations/mana_pylon": {
    "criteria": {
      "has_item": "2024-11-22 22:36:00 +0000"
    },
    "done": true
  },
  "twilightforest:recipes/misc/ur_ghast_banner_pattern": {
    "criteria": {
      "has_trophy": "2024-11-22 22:31:53 +0000"
    },
    "done": true
  },
  "twilightforest:progress_troll": {
    "criteria": {
      "lamp": "2024-11-22 22:40:06 +0000"
    },
    "done": false
  },
  "twilightforest:recipes/building_blocks/compressed_blocks/arctic_block": {
    "criteria": {
      "has_item": "2024-11-22 22:43:55 +0000"
    },
    "done": true
  },
  "botania:recipes/tools/diva_charm": {
    "criteria": {
      "has_item": "2024-11-22 22:35:59 +0000"
    },
    "done": true
  },
  "botania:recipes/tools/goddess_charm": {
    "criteria": {
      "has_item": "2024-11-22 22:36:00 +0000"
    },
    "done": true
  },
  "botania:main/mana_blaster_shoot": {
    "criteria": {
      "shoot": "2024-11-22 22:22:04 +0000"
    },
    "done": true
  },
  "twilightforest:recipes/combat/equipment/arctic_leggings": {
    "criteria": {
      "has_item": "2024-11-22 22:43:55 +0000"
    },
    "done": true
  },
  "botania:recipes/tools/glass_pickaxe": {
    "criteria": {
      "has_item": "2024-11-22 22:35:59 +0000"
    },
    "done": true
  },
  "botania:recipes/tools/dodge_ring": {
    "criteria": {
      "has_item": "2024-11-22 22:35:59 +0000"
    },
    "done": true
  },
  "botania:recipes/decorations/abstruse_platform": {
    "criteria": {
      "has_item": "2024-11-22 22:35:59 +0000"
    },
    "done": true
  },
  "botania:recipes/tools/manasteel_hoe": {
    "criteria": {
      "has_item": "2024-11-22 22:35:59 +0000"
    },
    "done": true
  },
  "botania:recipes/tools/knockback_belt": {
    "criteria": {
      "has_item": "2024-11-22 22:35:59 +0000"
    },
    "done": true
  },
  "botania:recipes/tools/mana_tablet_alt": {
    "criteria": {
      "has_item": "2024-11-22 22:36:00 +0000"
    },
    "done": true
  },
  "botania:recipes/tools/astrolabe": {
    "criteria": {
      "has_item": "2024-11-22 22:35:59 +0000"
    },
    "done": true
  },
  "botania:recipes/misc/conversions/manadiamond_block_deconstruct": {
    "criteria": {
      "has_item": "2024-11-22 22:36:00 +0000"
    },
    "done": true
  },
  "botania:recipes/tools/super_travel_belt": {
    "criteria": {
      "has_item": "2024-11-22 22:35:59 +0000"
    },
    "done": true
  },
  "botania:recipes/decorations/runic_altar": {
    "criteria": {
      "has_item": "2024-11-22 22:35:59 +0000"
    },
    "done": true
  },
  "botania:recipes/tools/mana_ring": {
    "criteria": {
      "has_item": "2024-11-22 22:22:02 +0000"
    },
    "done": true
  },
  "botania:recipes/combat/manasteel_sword": {
    "criteria": {
      "has_item": "2024-11-22 22:35:59 +0000"
    },
    "done": true
  },
  "botania:recipes/tools/mana_tablet": {
    "criteria": {
      "has_item": "2024-11-22 22:35:59 +0000"
    },
    "done": true
  },
  "botania:recipes/tools/tiny_planet": {
    "criteria": {
      "has_item": "2024-11-22 22:35:59 +0000"
    },
    "done": true
  },
  "botania:recipes/tools/dirt_rod": {
    "criteria": {
      "has_item": "2024-11-22 22:36:02 +0000"
    },
    "done": true
  },
  "twilightforest:progress_lich": {
    "criteria": {
      "kill_naga": "2024-11-22 22:42:47 +0000"
    },
    "done": false
  },
  "botania:recipes/tools/auto_crafting_halo": {
    "criteria": {
      "has_item": "2024-11-22 22:36:00 +0000"
    },
    "done": true
  },
  "botania:recipes/tools/mana_mirror": {
    "criteria": {
      "has_item": "2024-11-22 22:22:02 +0000"
    },
    "done": true
  },
  "botania:main/runic_altar_pickup": {
    "criteria": {
      "rune": "2024-11-22 22:36:00 +0000"
    },
    "done": true
  },
  "botania:recipes/decorations/bellows": {
    "criteria": {
      "has_item": "2024-11-22 22:36:03 +0000"
    },
    "done": true
  },
  "botania:recipes/tools/swap_ring": {
    "criteria": {
      "has_item": "2024-11-22 22:35:59 +0000"
    },
    "done": true
  },
  "botania:recipes/combat/holy_cloak": {
    "criteria": {
      "has_item": "2024-11-22 22:35:59 +0000"
    },
    "done": true
  },
  "botania:recipes/decorations/terra_plate": {
    "criteria": {
      "has_item": "2024-11-22 22:36:00 +0000"
    },
    "done": true
  },
  "botania:recipes/tools/laputa_shard": {
    "criteria": {
      "has_item": "2024-11-22 22:35:59 +0000"
    },
    "done": true
  },
  "botania:recipes/tools/magnet_ring": {
    "criteria": {
      "has_item": "2024-11-22 22:35:59 +0000"
    },
    "done": true
  },
  "botania:recipes/tools/third_eye": {
    "criteria": {
      "has_item": "2024-11-22 22:36:00 +0000"
    },
    "done": true
  },
  "botania:challenge/loki_ring": {
    "criteria": {
      "ring": "2024-11-22 22:35:57 +0000"
    },
    "done": true
  },
  "botania:recipes/tools/obedience_stick": {
    "criteria": {
      "has_item": "2024-11-22 22:35:59 +0000"
    },
    "done": true
  },
  "twilightforest:progress_naga": {
    "criteria": {
      "scale": "2024-11-22 22:42:47 +0000"
    },
    "done": true
  },
  "twilightforest:recipes/combat/equipment/arctic_chestplate": {
    "criteria": {
      "has_item": "2024-11-22 22:43:55 +0000"
    },
    "done": true
  },
  "alexsmobs:alexsmobs/shattered_dimensional_carver": {
    "criteria": {
      "dimensional_carver": "2024-11-22 22:41:04 +0000"
    },
    "done": true
  },
  "botania:recipes/combat/balance_cloak": {
    "criteria": {
      "has_item": "2024-11-22 22:35:59 +0000"
    },
    "done": true
  },
  "botania:recipes/combat/manasteel_chestplate": {
    "criteria": {
      "has_item": "2024-11-22 22:35:59 +0000"
    },
    "done": true
  },
  "twilightforest:recipes/misc/naga_banner_pattern": {
    "criteria": {
      "has_trophy": "2024-11-22 22:42:47 +0000"
    },
    "done": true
  },
  "botania:recipes/misc/phantom_ink": {
    "criteria": {
      "has_item": "2024-11-22 22:35:59 +0000"
    },
    "done": true
  },
  "botania:recipes/tools/exchange_rod": {
    "criteria": {
      "has_item": "2024-11-22 22:36:03 +0000"
    },
    "done": true
  },
  "botania:recipes/tools/mana_gun": {
    "criteria": {
      "has_item": "2024-11-22 22:36:00 +0000"
    },
    "done": true
  },
  "botania:recipes/combat/fire_rod": {
    "criteria": {
      "has_item": "2024-11-22 22:36:03 +0000"
    },
    "done": true
  },
  "botania:recipes/tools/manasteel_shears": {
    "criteria": {
      "has_item": "2024-11-22 22:35:59 +0000"
    },
    "done": true
  },
  "botania:recipes/tools/crafting_halo": {
    "criteria": {
      "has_item": "2024-11-22 22:35:59 +0000"
    },
    "done": true
  },
  "botania:challenge/infinite_fruit": {
    "criteria": {
      "fruit": "2024-11-22 22:33:44 +0000"
    },
    "done": true
  },
  "botania:recipes/tools/slingshot": {
    "criteria": {
      "has_item": "2024-11-22 22:36:03 +0000"
    },
    "done": true
  },
  "botania:recipes/tools/mining_ring": {
    "criteria": {
      "has_item": "2024-11-22 22:35:59 +0000"
    },
    "done": true
  },
  "botania:recipes/tools/temperance_stone": {
    "criteria": {
      "has_item": "2024-11-22 22:36:02 +0000"
    },
    "done": true
  },
  "botania:recipes/decorations/mana_fluxfield": {
    "criteria": {
      "has_alt_item": "2024-11-22 22:35:59 +0000"
    },
    "done": true
  },
  "botania:challenge/thor_ring": {
    "criteria": {
      "ring": "2024-11-22 22:33:04 +0000"
    },
    "done": true
  },
  "botania:challenge/flugel_eye": {
    "criteria": {
      "eye": "2024-11-22 22:33:47 +0000"
    },
    "done": true
  },
  "botania:recipes/decorations/mana_distributor": {
    "criteria": {
      "has_item": "2024-11-22 22:35:59 +0000"
    },
    "done": true
  },
  "botania:recipes/tools/smelt_rod": {
    "criteria": {
      "has_item": "2024-11-22 22:36:03 +0000"
    },
    "done": true
  },
  "botania:challenge/king_key": {
    "criteria": {
      "key": "2024-11-22 22:33:32 +0000"
    },
    "done": true
  },
  "botania:recipes/decorations/pump": {
    "criteria": {
      "has_item": "2024-11-22 22:35:59 +0000"
    },
    "done": true
  },
  "botania:recipes/building_blocks/mana_diamond_block": {
    "criteria": {
      "has_item": "2024-11-22 22:36:00 +0000"
    },
    "done": true
  },
  "botania:recipes/tools/tornado_rod": {
    "criteria": {
      "has_item": "2024-11-22 22:36:03 +0000"
    },
    "done": true
  },
  "botania:recipes/tools/flighttiara_0": {
    "criteria": {
      "has_item": "2024-11-22 22:35:59 +0000"
    },
    "done": true
  },
  "botania:recipes/decorations/runic_altar_alt": {
    "criteria": {
      "has_item": "2024-11-22 22:36:00 +0000"
    },
    "done": true
  },
  "botania:challenge/odin_ring": {
    "criteria": {
      "ring": "2024-11-22 22:33:40 +0000"
    },
    "done": true
  },
  "botania:recipes/combat/manasteel_boots": {
    "criteria": {
      "has_item": "2024-11-22 22:35:59 +0000"
    },
    "done": true
  },
  "botania:recipes/combat/manasteel_leggings": {
    "criteria": {
      "has_item": "2024-11-22 22:35:59 +0000"
    },
    "done": true
  },
  "alexsmobs:alexsmobs/dimensional_carver": {
    "criteria": {
      "dimensional_carver": "2024-11-22 22:40:28 +0000"
    },
    "done": true
  },
  "botania:recipes/decorations/tiny_planet_block": {
    "criteria": {
      "has_alt_item": "2024-11-22 22:35:59 +0000"
    },
    "done": true
  },
  "botania:recipes/misc/lens_normal": {
    "criteria": {
      "has_item": "2024-11-22 22:35:59 +0000"
    },
    "done": true
  },
  "botania:recipes/misc/conversions/manasteel_block_deconstruct": {
    "criteria": {
      "has_item": "2024-11-22 22:35:59 +0000"
    },
    "done": true
  },
  "botania:recipes/combat/missile_rod": {
    "criteria": {
      "has_item": "2024-11-22 22:35:59 +0000"
    },
    "done": true
  },
  "botania:recipes/redstone/gaia_spreader": {
    "criteria": {
      "has_item": "2024-11-22 22:35:59 +0000"
    },
    "done": true
  },
  "botania:recipes/tools/travel_belt": {
    "criteria": {
      "has_item": "2024-11-22 22:35:59 +0000"
    },
    "done": true
  },
  "botania:recipes/tools/manasteel_shovel": {
    "criteria": {
      "has_item": "2024-11-22 22:35:59 +0000"
    },
    "done": true
  },
  "botania:recipes/misc/gaia_ingot": {
    "criteria": {
      "has_item": "2024-11-22 22:35:59 +0000"
    },
    "done": true
  },
  "botania:recipes/tools/spawner_mover": {
    "criteria": {
      "has_item": "2024-11-22 22:35:59 +0000"
    },
    "done": true
  },
  "twilightforest:progress_ur_ghast": {
    "criteria": {
      "trophy": "2024-11-22 22:31:53 +0000"
    },
    "done": false
  },
  "botania:recipes/tools/cobble_rod": {
    "criteria": {
      "has_alt_item": "2024-11-22 22:36:02 +0000"
    },
    "done": true
  },
  "botania:recipes/tools/black_hole_talisman": {
    "criteria": {
      "has_item": "2024-11-22 22:35:59 +0000"
    },
    "done": true
  },
  "botania:recipes/tools/monocle": {
    "criteria": {
      "has_item": "2024-11-22 22:35:59 +0000"
    },
    "done": true
  },
  "botania:recipes/tools/ice_pendant": {
    "criteria": {
      "has_item": "2024-11-22 22:35:59 +0000"
    },
    "done": true
  },
  "botania:recipes/tools/lava_pendant": {
    "criteria": {
      "has_item": "2024-11-22 22:35:59 +0000"
    },
    "done": true
  },
  "twilightforest:recipes/combat/equipment/arctic_boots": {
    "criteria": {
      "has_item": "2024-11-22 22:43:55 +0000"
    },
    "done": true
  },
  "botania:recipes/building_blocks/manasteel_block": {
    "criteria": {
      "has_item": "2024-11-22 22:35:59 +0000"
    },
    "done": true
  },
  "botania:recipes/tools/super_cloud_pendant": {
    "criteria": {
      "has_alt_item": "2024-11-22 22:35:59 +0000"
    },
    "done": true
  },
  "botania:recipes/misc/mana_bomb": {
    "criteria": {
      "has_item": "2024-11-22 22:35:59 +0000"
    },
    "done": true
  },
  "botania:recipes/combat/unholy_cloak": {
    "criteria": {
      "has_item": "2024-11-22 22:35:59 +0000"
    },
    "done": true
  },
  "botania:recipes/tools/manasteel_axe": {
    "criteria": {
      "has_item": "2024-11-22 22:35:59 +0000"
    },
    "done": true
  },
  "botania:recipes/redstone/avatar": {
    "criteria": {
      "has_item": "2024-11-22 22:36:00 +0000"
    },
    "done": true
  },
  "botania:recipes/tools/invisibility_cloak": {
    "criteria": {
      "has_item": "2024-11-22 22:35:59 +0000"
    },
    "done": true
  },
  "botania:recipes/combat/ender_dagger": {
    "criteria": {
      "has_item": "2024-11-22 22:35:59 +0000"
    },
    "done": true
  },
  "botania:recipes/tools/bauble_box": {
    "criteria": {
      "has_item": "2024-11-22 22:35:59 +0000"
    },
    "done": true
  },
  "botania:recipes/tools/sextant": {
    "criteria": {
      "has_item": "2024-11-22 22:35:59 +0000"
    },
    "done": true
  },
  "botania:recipes/tools/manasteel_pick": {
    "criteria": {
      "has_item": "2024-11-22 22:35:59 +0000"
    },
    "done": true
  },
  "botania:recipes/tools/super_lava_pendant": {
    "criteria": {
      "has_item": "2024-11-22 22:35:59 +0000"
    },
    "done": true
  },
  "twilightforest:recipes/combat/equipment/arctic_helmet": {
    "criteria": {
      "has_item": "2024-11-22 22:43:55 +0000"
    },
    "done": true
  },
  "botania:recipes/redstone/forest_eye": {
    "criteria": {
      "has_item": "2024-11-22 22:35:59 +0000"
    },
    "done": true
  },
  "botania:recipes/tools/water_rod": {
    "criteria": {
      "has_item": "2024-11-22 22:36:02 +0000"
    },
    "done": true
  },
  "botania:recipes/tools/divining_rod": {
    "criteria": {
      "has_item": "2024-11-22 22:36:00 +0000"
    },
    "done": true
  },
  "botania:main/rune_pickup": {
    "criteria": {
      "rune": "2024-11-22 22:36:00 +0000"
    },
    "done": true
  },
  "botania:recipes/decorations/alchemy_catalyst": {
    "criteria": {
      "has_item": "2024-11-22 22:35:59 +0000"
    },
    "done": true
  },
  "DataVersion": 3465
}