{
  "sosorgans:grant_book_on_first_join": {
    "criteria": {
      "tick": "2024-11-22 21:08:22 +0000"
    },
    "done": true
  },
  "minecraft:recipes/decorations/crafting_table": {
    "criteria": {
      "unlock_right_away": "2024-11-22 21:08:22 +0000"
    },
    "done": true
  },
  "minecraft:recipes/building_blocks/cherry_planks": {
    "criteria": {
      "has_log": "2024-11-22 21:18:30 +0000"
    },
    "done": true
  },
  "mowziesmobs:root": {
    "criteria": {
      "custom_test_name": "2024-11-22 21:08:22 +0000"
    },
    "done": true
  },
  "securitycraft:recipes/building_blocks/reinforced_stripped_spruce_wood": {
    "criteria": {
      "has_log": "2024-11-22 21:18:34 +0000"
    },
    "done": true
  },
  "dungeons_arise:wda_root": {
    "criteria": {
      "WDA": "2024-11-22 21:08:22 +0000"
    },
    "done": true
  },
  "minecraft:recipes/misc/charcoal": {
    "criteria": {
      "has_log": "2024-11-22 21:18:30 +0000"
    },
    "done": true
  },
  "minecraft:adventure/root": {
    "criteria": {
      "killed_by_something": "2024-11-22 21:11:37 +0000"
    },
    "done": true
  },
  "betterdungeons:root": {
    "criteria": {
      "always": "2024-11-22 21:08:22 +0000"
    },
    "done": true
  },
  "securitycraft:recipes/misc/sc_manual": {
    "criteria": {
      "has_wood": "2024-11-22 21:18:30 +0000"
    },
    "done": true
  },
  "securitycraft:recipes/building_blocks/reinforced_spruce_planks": {
    "criteria": {
      "has_log": "2024-11-22 21:18:34 +0000"
    },
    "done": true
  },
  "lootr:root": {
    "criteria": {
      "always_true": "2024-11-22 21:08:22 +0000"
    },
    "done": true
  },
  "farmersdelight:main/root": {
    "criteria": {
      "seeds": "2024-11-22 21:08:22 +0000"
    },
    "done": true
  },
  "minecraft:adventure/adventuring_time": {
    "criteria": {
      "minecraft:plains": "2024-11-22 21:08:23 +0000"
    },
    "done": false
  },
  "DataVersion": 3465
}